/*
 Navicat Premium Data Transfer

 Source Server         : 本地服务器
 Source Server Type    : MySQL
 Source Server Version : 50732
 Source Host           : localhost:3306
 Source Schema         : data-view

 Target Server Type    : MySQL
 Target Server Version : 50732
 File Encoding         : 65001

 Date: 20/06/2021 16:07:20
*/

SET NAMES utf8mb4;
SET FOREIGN_KEY_CHECKS = 0;

-- ----------------------------
-- Table structure for data_source
-- ----------------------------
DROP TABLE IF EXISTS `data_source`;
CREATE TABLE `data_source`  (
  `data_source_id` bigint(20) NOT NULL AUTO_INCREMENT,
  `business_id` bigint(20) NULL DEFAULT NULL COMMENT '企业ID',
  `data_source_name` varchar(50) CHARACTER SET utf8 COLLATE utf8_general_ci NULL DEFAULT NULL COMMENT '数据源名称',
  `data_source_type` varchar(50) CHARACTER SET utf8 COLLATE utf8_general_ci NULL DEFAULT NULL COMMENT '数据源类型',
  `data_source_database_name` varchar(100) CHARACTER SET utf8 COLLATE utf8_general_ci NULL DEFAULT NULL COMMENT '数据源的数据库名称',
  `data_source_ip` varchar(50) CHARACTER SET utf8 COLLATE utf8_general_ci NULL DEFAULT NULL COMMENT '数据源的IP地址',
  `data_source_port` int(5) NULL DEFAULT NULL COMMENT '数据源的端口号',
  `data_source_username` varchar(50) CHARACTER SET utf8 COLLATE utf8_general_ci NULL DEFAULT NULL COMMENT '数据源的账户名称',
  `data_source_password` varchar(50) CHARACTER SET utf8 COLLATE utf8_general_ci NULL DEFAULT NULL COMMENT '数据源的账户密码',
  `create_id` bigint(20) NULL DEFAULT NULL COMMENT '创建者ID',
  `create_time` datetime(0) NULL DEFAULT NULL COMMENT '创建时间',
  `update_id` bigint(20) NULL DEFAULT NULL COMMENT '更新者ID',
  `update_time` datetime(0) NULL DEFAULT NULL COMMENT '更新时间',
  `del_flag` tinyint(4) NULL DEFAULT NULL COMMENT '删除标识（-1：不存在；1：存在）',
  PRIMARY KEY (`data_source_id`) USING BTREE
) ENGINE = InnoDB AUTO_INCREMENT = 10 CHARACTER SET = utf8 COLLATE = utf8_general_ci ROW_FORMAT = Dynamic;

-- ----------------------------
-- Records of data_source
-- ----------------------------
INSERT INTO `data_source` VALUES (9, 1, 'data-view-template', 'MySQL', 'data-view-template', '127.0.0.1', 3306, 'root', 'root', 1, '2021-05-19 10:12:18', 1, '2021-05-19 10:12:18', 1);

-- ----------------------------
-- Table structure for image
-- ----------------------------
DROP TABLE IF EXISTS `image`;
CREATE TABLE `image`  (
  `image_id` bigint(20) NOT NULL AUTO_INCREMENT,
  `image_name` varchar(200) CHARACTER SET utf8 COLLATE utf8_general_ci NULL DEFAULT NULL COMMENT '图片名称',
  `image_path` varchar(500) CHARACTER SET utf8 COLLATE utf8_general_ci NULL DEFAULT NULL COMMENT '图片位置',
  `image_size` bigint(20) NULL DEFAULT NULL COMMENT '图片大小',
  `business_id` bigint(20) NULL DEFAULT NULL COMMENT '企业ID',
  `create_id` bigint(20) NULL DEFAULT NULL COMMENT '创建者ID',
  `create_time` datetime(0) NULL DEFAULT NULL COMMENT '创建时间',
  `update_id` bigint(20) NULL DEFAULT NULL COMMENT '更新者ID',
  `update_time` datetime(0) NULL DEFAULT NULL COMMENT '更新时间',
  `del_flag` tinyint(4) NULL DEFAULT NULL COMMENT '删除标识（-1：不存在；1：存在）',
  PRIMARY KEY (`image_id`) USING BTREE
) ENGINE = InnoDB AUTO_INCREMENT = 25 CHARACTER SET = utf8 COLLATE = utf8_general_ci ROW_FORMAT = Dynamic;

-- ----------------------------
-- Records of image
-- ----------------------------
INSERT INTO `image` VALUES (9, '云资源监控-背景.png', '/group1/default/20210513/17/59/6/云资源监控-背景.png', 61983, 1, 1, '2021-05-19 10:12:18', 1, '2021-05-19 10:12:18', 1);
INSERT INTO `image` VALUES (10, '企业实时销售数据-背景.png', '/group1/default/20210513/18/00/6/企业实时销售数据-背景.png', 758743, 1, 1, '2021-05-19 10:12:18', 1, '2021-05-19 10:12:18', 1);
INSERT INTO `image` VALUES (11, '通用模板1-背景.png', '/group1/default/20210513/18/01/6/通用模板1-背景.png', 27247, 1, 1, '2021-05-19 10:12:18', 1, '2021-05-19 10:12:18', 1);
INSERT INTO `image` VALUES (12, '云服务监控-背景.png', '/group1/default/20210513/18/03/6/云服务监控-背景.png', 44365, 1, 1, '2021-05-19 10:12:18', 1, '2021-05-19 10:12:18', 1);
INSERT INTO `image` VALUES (13, '零售行业数据可视化-背景.png', '/group1/default/20210513/18/01/6/零售行业数据可视化-背景.png', 545340, 1, 1, '2021-05-19 10:12:18', 1, '2021-05-19 10:12:18', 1);
INSERT INTO `image` VALUES (17, '云服务监控-背景-custom.png', '/storage/2021/0530/云服务监控-背景.png', 44365, 1, 1, '2021-05-30 15:58:43', 1, '2021-05-30 15:58:43', 1);
INSERT INTO `image` VALUES (18, '云资源监控-背景-custom.png', '/storage/2021/0530/云资源监控-背景.png', 61983, 1, 1, '2021-05-30 21:27:37', 1, '2021-05-30 21:27:37', 1);
INSERT INTO `image` VALUES (19, '企业实时销售数据-背景-custom.png', '/storage/2021/0530/企业实时销售数据-背景.png', 758743, 1, 1, '2021-05-30 21:28:07', 1, '2021-05-30 21:28:07', 1);
INSERT INTO `image` VALUES (20, '通用模板1-背景-custom.png', '/storage/2021/0531/通用模板1-背景.png', 27247, 1, 1, '2021-05-31 13:40:13', 1, '2021-05-31 13:40:13', 1);
INSERT INTO `image` VALUES (21, '零售行业数据可视化-背景-custom.png', '/storage/2021/0531/零售行业数据可视化-背景.png', 545340, 1, 1, '2021-05-31 19:40:28', 1, '2021-05-31 19:40:28', 1);
INSERT INTO `image` VALUES (22, '上市公司全景概览-背景-custom.png', '/storage/2021/0615/上市公司全景概览-背景.png', 487039, 1, 1, '2021-06-15 10:41:26', 1, '2021-06-15 10:41:26', 1);
INSERT INTO `image` VALUES (23, '企业数字运维可视化监控平台-背景-custom.jpg', '/storage/2021/0616/企业数字运维可视化监控平台-背景.jpg', 2639743, 1, 1, '2021-06-16 17:06:33', 1, '2021-06-16 17:06:33', 1);
INSERT INTO `image` VALUES (24, '扶贫大数据分析-背景-custom.png', '/storage/2021/0616/扶贫大数据分析-背景.png', 455045, 1, 1, '2021-06-16 19:20:17', 1, '2021-06-16 19:20:17', 1);

-- ----------------------------
-- Table structure for view_chart_item
-- ----------------------------
DROP TABLE IF EXISTS `view_chart_item`;
CREATE TABLE `view_chart_item`  (
  `item_id` bigint(20) NOT NULL AUTO_INCREMENT,
  `instance_id` bigint(20) NULL DEFAULT NULL,
  `item_el_id` varchar(50) CHARACTER SET utf8 COLLATE utf8_general_ci NULL DEFAULT NULL,
  `item_index` int(11) NULL DEFAULT NULL,
  `item_chart_name` varchar(50) CHARACTER SET utf8 COLLATE utf8_general_ci NULL DEFAULT NULL,
  `item_chart_type` varchar(50) CHARACTER SET utf8 COLLATE utf8_general_ci NULL DEFAULT NULL,
  `item_chart_data` text CHARACTER SET utf8 COLLATE utf8_general_ci NULL,
  `item_data` text CHARACTER SET utf8 COLLATE utf8_general_ci NULL,
  `item_rotate` int(11) NULL DEFAULT NULL,
  `item_show` varchar(10) CHARACTER SET utf8 COLLATE utf8_general_ci NULL DEFAULT NULL,
  `item_lock` varchar(10) CHARACTER SET utf8 COLLATE utf8_general_ci NULL DEFAULT NULL,
  `item_choose` varchar(10) CHARACTER SET utf8 COLLATE utf8_general_ci NULL DEFAULT NULL,
  `item_interval` bigint(20) NULL DEFAULT NULL,
  `item_option` text CHARACTER SET utf8 COLLATE utf8_general_ci NULL,
  `item_refresh` varchar(10) CHARACTER SET utf8 COLLATE utf8_general_ci NULL DEFAULT NULL,
  `item_width` bigint(20) NULL DEFAULT NULL,
  `item_height` bigint(20) NULL DEFAULT NULL,
  `item_x` bigint(20) NULL DEFAULT NULL,
  `item_y` bigint(20) NULL DEFAULT NULL,
  `item_version` bigint(20) NULL DEFAULT NULL,
  PRIMARY KEY (`item_id`) USING BTREE
) ENGINE = InnoDB AUTO_INCREMENT = 2854 CHARACTER SET = utf8 COLLATE = utf8_general_ci ROW_FORMAT = Dynamic;

-- ----------------------------
-- Records of view_chart_item
-- ----------------------------
INSERT INTO `view_chart_item` VALUES (2752, 85, '2e68be03-b33e-4aa9-b2a0-7e91e86167c9', 0, '', 'TitleText', '{\"dataSourceType\":\"\",\"database\":\"\",\"fileName\":\"\",\"sql\":\"\",\"x\":\"\",\"name\":\"\"}', '{}', 0, 'true', 'true', 'false', 8000, '{\"title\":\" 大数据计算服务运维视屏——测试项目\",\"fontColor\":\"#ffffff\",\"fontSize\":28,\"height\":35,\"fontWeight\":\"normal\",\"textAlign\":\"left\"}', 'false', 500, 35, 215, 15, 1);
INSERT INTO `view_chart_item` VALUES (2753, 85, '6392a68a-ab66-406d-bcb0-864595b10066', 1, '', 'TitleText', '{\"dataSourceType\":\"\",\"database\":\"\",\"fileName\":\"\",\"sql\":\"\",\"x\":\"\",\"name\":\"\"}', '{}', 0, 'true', 'true', 'false', 8000, '{\"title\":\"服务器整体监测\",\"fontColor\":\"#ffffff\",\"fontSize\":24,\"height\":30,\"fontWeight\":\"normal\",\"textAlign\":\"left\"}', 'false', 180, 30, 60, 100, 1);
INSERT INTO `view_chart_item` VALUES (2754, 85, '7687d306-5112-47fb-b983-579b90b81124', 2, '', 'TitleText', '{\"dataSourceType\":\"\",\"database\":\"\",\"fileName\":\"\",\"sql\":\"\",\"x\":\"\",\"name\":\"\"}', '{}', 0, 'true', 'true', 'false', 8000, '{\"title\":\"计算资源消耗\",\"fontColor\":\"#b3b3b3\",\"fontSize\":18,\"height\":20,\"fontWeight\":\"normal\",\"textAlign\":\"left\"}', 'false', 115, 20, 75, 160, 1);
INSERT INTO `view_chart_item` VALUES (2755, 85, 'fd48c3c0-4941-45fd-9dfd-c7eca5dcb319', 3, '计数器', 'Counter', '{\"dataSourceType\":\"DataBase\",\"database\":9,\"value\":\"data\",\"sql\":\"select sum(data) as data from template_1_crc_sum\",\"chartType\":\"Counter\"}', '{\"value\":\"1246\"}', 0, 'true', 'true', 'false', 8000, '{\"fontColor\":\"#ffffff\",\"fontSize\":40,\"fontWeight\":\"normal\",\"textAlign\":\"left\",\"thousandth\":false,\"prefix\":{\"title\":\"\",\"fontColor\":\"#ffffff\",\"fontSize\":16,\"fontWeight\":\"normal\"},\"unit\":{\"title\":\"GB\",\"fontColor\":\"#b3b3b3\",\"fontSize\":16,\"fontWeight\":\"normal\"}}', 'false', 135, 50, 75, 205, 1);
INSERT INTO `view_chart_item` VALUES (2756, 85, 'dc79d3ce-200c-4b6b-98a4-92acf99e2adb', 4, '', 'LineNormal', '{\"dataSourceType\":\"DataBase\",\"database\":9,\"dimension\":\"legend\",\"name\":\"x\",\"value\":\"y\",\"sql\":\"select * from template_1_crc_line\",\"chartType\":\"LineNormal\"}', '{\"source\":[[\"dimension\",\"1\",\"2\"],[\"01/01\",\"30\",\"30\"],[\"02/01\",\"160\",\"80\"],[\"03/01\",\"80\",\"20\"],[\"04/01\",\"90\",\"120\"],[\"05/01\",\"20\",\"70\"],[\"06/01\",\"190\",\"100\"],[\"07/01\",\"100\",\"70\"],[\"08/01\",\"150\",\"90\"],[\"09/01\",\"90\",\"30\"],[\"10/01\",\"60\",\"50\"]]}', 0, 'true', 'true', 'false', 8000, '{\"title\":{\"show\":false,\"text\":\"标准折线图\",\"left\":\"center\",\"textStyle\":{\"color\":\"#ffffff\"}},\"legend\":{\"show\":false},\"grid\":{\"left\":\"10\",\"top\":\"\",\"right\":\"10\",\"bottom\":\"20%\"},\"xAxis\":{\"show\":true,\"type\":\"category\",\"axisLine\":{\"show\":false,\"lineStyle\":{\"color\":\"#ffffff\"}},\"axisLabel\":{\"show\":true,\"color\":\"#ffffff\"},\"axisTick\":{\"show\":false},\"splitLine\":{\"show\":false,\"lineStyle\":{\"color\":[\"#cccccc\"]}}},\"yAxis\":{\"axisLine\":{\"show\":true,\"lineStyle\":{\"color\":\"#ffffff\"}},\"axisLabel\":{\"show\":true,\"color\":\"#ffffff\"},\"axisTick\":{\"show\":false},\"splitLine\":{\"show\":false,\"lineStyle\":{\"color\":[\"#cccccc\"]}},\"show\":false},\"series\":[{\"type\":\"line\",\"lineStyle\":{},\"smooth\":true,\"showSymbol\":false},{\"type\":\"line\",\"lineStyle\":{\"type\":\"dashed\"},\"smooth\":true,\"showSymbol\":false}],\"dataset\":{\"source\":[[\"dimension\",\"1\",\"2\"],[\"01/01\",\"30\",\"30\"],[\"02/01\",\"160\",\"80\"],[\"03/01\",\"80\",\"20\"],[\"04/01\",\"90\",\"120\"],[\"05/01\",\"20\",\"70\"],[\"06/01\",\"190\",\"100\"],[\"07/01\",\"100\",\"70\"],[\"08/01\",\"150\",\"90\"],[\"09/01\",\"90\",\"30\"],[\"10/01\",\"60\",\"50\"]]},\"color\":[\"#E38092\",\"#FF64F4\"]}', 'false', 225, 100, 230, 160, 1);
INSERT INTO `view_chart_item` VALUES (2757, 85, '5ef2da2f-ba96-476b-adf4-ab29181dd2f5', 5, '', 'TitleText', '{\"dataSourceType\":\"\",\"database\":\"\",\"fileName\":\"\",\"sql\":\"\",\"x\":\"\",\"name\":\"\"}', '{}', 0, 'true', 'true', 'false', 8000, '{\"title\":\"磁盘总空间/利用率\",\"fontColor\":\"#b3b3b3\",\"fontSize\":18,\"height\":20,\"fontWeight\":\"normal\",\"textAlign\":\"left\"}', 'false', 160, 20, 530, 160, 1);
INSERT INTO `view_chart_item` VALUES (2758, 85, '85be708c-d799-4849-a200-46cfdc830336', 6, '计数器', 'Counter', '{\"dataSourceType\":\"DataBase\",\"database\":9,\"value\":\"data\",\"sql\":\"SELECT * FROM template_1_tds_sum WHERE type = \'sum\'\",\"chartType\":\"Counter\"}', '{\"value\":\"88\"}', 0, 'true', 'true', 'false', 8000, '{\"fontColor\":\"#ffffff\",\"fontSize\":40,\"fontWeight\":\"normal\",\"textAlign\":\"left\",\"thousandth\":false,\"prefix\":{\"title\":\"\",\"fontColor\":\"#ffffff\",\"fontSize\":16,\"fontWeight\":\"normal\"},\"unit\":{\"title\":\"TB\",\"fontColor\":\"#b3b3b3\",\"fontSize\":16,\"fontWeight\":\"normal\"}}', 'false', 90, 50, 530, 205, 1);
INSERT INTO `view_chart_item` VALUES (2759, 85, '03020863-e560-48ce-8184-ed1c8f4a2f7a', 7, '', 'TitleText', '{\"dataSourceType\":\"\",\"database\":\"\",\"fileName\":\"\",\"sql\":\"\",\"x\":\"\",\"name\":\"\"}', '{}', 0, 'true', 'true', 'false', 8000, '{\"title\":\"/\",\"fontColor\":\"#ffffff\",\"fontSize\":22,\"height\":30,\"fontWeight\":\"normal\",\"textAlign\":\"center\"}', 'false', 30, 30, 600, 218, 1);
INSERT INTO `view_chart_item` VALUES (2760, 85, 'c2d4fb83-fd44-4d15-bbb8-18eeddba8728', 8, '计数器', 'Counter', '{\"dataSourceType\":\"DataBase\",\"database\":9,\"value\":\"data\",\"sql\":\"SELECT * FROM template_1_tds_sum WHERE type = \'ratio\'\",\"chartType\":\"Counter\"}', '{\"value\":\"79\"}', 0, 'true', 'true', 'false', 8000, '{\"fontColor\":\"#ffffff\",\"fontSize\":32,\"fontWeight\":\"normal\",\"textAlign\":\"left\",\"thousandth\":false,\"prefix\":{\"title\":\"\",\"fontColor\":\"#ffffff\",\"fontSize\":16,\"fontWeight\":\"normal\"},\"unit\":{\"title\":\"%\",\"fontColor\":\"#ffffff\",\"fontSize\":16,\"fontWeight\":\"normal\"}}', 'false', 80, 35, 635, 214, 1);
INSERT INTO `view_chart_item` VALUES (2761, 85, '65ae7752-8816-49af-96dd-90ae7c738d18', 9, '', 'LineNormal', '{\"dataSourceType\":\"DataBase\",\"database\":9,\"dimension\":\"legend\",\"name\":\"x\",\"value\":\"y\",\"sql\":\"select * from template_1_tds_line\",\"chartType\":\"LineNormal\"}', '{\"source\":[[\"dimension\",\"1\",\"2\"],[\"01/01\",\"90\",\"30\"],[\"02/01\",\"30\",\"80\"],[\"03/01\",\"80\",\"20\"],[\"04/01\",\"20\",\"180\"],[\"05/01\",\"50\",\"70\"],[\"06/01\",\"190\",\"120\"],[\"07/01\",\"170\",\"70\"],[\"08/01\",\"150\",\"90\"],[\"09/01\",\"40\",\"30\"],[\"10/01\",\"60\",\"50\"]]}', 0, 'true', 'true', 'false', 8000, '{\"title\":{\"show\":false,\"text\":\"标准折线图\",\"left\":\"center\",\"textStyle\":{\"color\":\"#ffffff\"}},\"legend\":{\"show\":false},\"grid\":{\"left\":\"10\",\"top\":\"\",\"right\":\"10\",\"bottom\":\"20%\"},\"xAxis\":{\"show\":true,\"type\":\"category\",\"axisLine\":{\"show\":false,\"lineStyle\":{\"color\":\"#ffffff\"}},\"axisLabel\":{\"show\":true,\"color\":\"#ffffff\"},\"axisTick\":{\"show\":false},\"splitLine\":{\"show\":false,\"lineStyle\":{\"color\":[\"#cccccc\"]}}},\"yAxis\":{\"axisLine\":{\"show\":true,\"lineStyle\":{\"color\":\"#ffffff\"}},\"axisLabel\":{\"show\":true,\"color\":\"#ffffff\"},\"axisTick\":{\"show\":false},\"splitLine\":{\"show\":false,\"lineStyle\":{\"color\":[\"#cccccc\"]}},\"show\":false},\"series\":[{\"type\":\"line\",\"lineStyle\":{},\"smooth\":true,\"showSymbol\":false},{\"type\":\"line\",\"lineStyle\":{\"type\":\"dashed\"},\"smooth\":true,\"showSymbol\":false}],\"dataset\":{\"source\":[[\"dimension\",\"1\",\"2\"],[\"01/01\",\"90\",\"30\"],[\"02/01\",\"30\",\"80\"],[\"03/01\",\"80\",\"20\"],[\"04/01\",\"20\",\"180\"],[\"05/01\",\"50\",\"70\"],[\"06/01\",\"190\",\"120\"],[\"07/01\",\"170\",\"70\"],[\"08/01\",\"150\",\"90\"],[\"09/01\",\"40\",\"30\"],[\"10/01\",\"60\",\"50\"]]},\"color\":[\"#E38092\",\"#FF64F4\"]}', 'false', 225, 100, 715, 160, 1);
INSERT INTO `view_chart_item` VALUES (2762, 85, 'd2f16941-ab2f-41c4-9133-d51548025afd', 10, '', 'TitleText', '{\"dataSourceType\":\"\",\"database\":\"\",\"fileName\":\"\",\"sql\":\"\",\"x\":\"\",\"name\":\"\"}', '{}', 0, 'true', 'true', 'false', 8000, '{\"title\":\"内存总数/利用率\",\"fontColor\":\"#b3b3b3\",\"fontSize\":18,\"height\":20,\"fontWeight\":\"normal\",\"textAlign\":\"left\"}', 'false', 140, 20, 985, 160, 1);
INSERT INTO `view_chart_item` VALUES (2763, 85, 'ddb7996e-8c61-4d9b-a359-a904a80403ee', 11, '计数器', 'Counter', '{\"dataSourceType\":\"DataBase\",\"database\":9,\"value\":\"data\",\"sql\":\"SELECT * FROM template_1_tm_sum WHERE type = \'sum\'\",\"chartType\":\"Counter\"}', '{\"value\":\"43\"}', 0, 'true', 'true', 'false', 8000, '{\"fontColor\":\"#ffffff\",\"fontSize\":40,\"fontWeight\":\"normal\",\"textAlign\":\"left\",\"thousandth\":false,\"prefix\":{\"title\":\"\",\"fontColor\":\"#ffffff\",\"fontSize\":16,\"fontWeight\":\"normal\"},\"unit\":{\"title\":\"TB\",\"fontColor\":\"#ffffff\",\"fontSize\":16,\"fontWeight\":\"normal\"}}', 'false', 90, 50, 985, 205, 1);
INSERT INTO `view_chart_item` VALUES (2764, 85, 'c98b7ac8-303e-4d72-8a31-384a938963d2', 12, '', 'TitleText', '{\"dataSourceType\":\"\",\"database\":\"\",\"fileName\":\"\",\"sql\":\"\",\"x\":\"\",\"name\":\"\"}', '{}', 0, 'true', 'true', 'false', 8000, '{\"title\":\"/\",\"fontColor\":\"#ffffff\",\"fontSize\":22,\"height\":30,\"fontWeight\":\"normal\",\"textAlign\":\"center\"}', 'false', 30, 30, 1060, 218, 1);
INSERT INTO `view_chart_item` VALUES (2765, 85, '5486a02c-22e5-4a46-a43b-62f6a4349d04', 13, '计数器', 'Counter', '{\"dataSourceType\":\"DataBase\",\"database\":9,\"value\":\"data\",\"sql\":\"SELECT * FROM template_1_tm_sum WHERE type = \'ratio\'\",\"chartType\":\"Counter\"}', '{\"value\":\"56\"}', 0, 'true', 'true', 'false', 8000, '{\"fontColor\":\"#ffffff\",\"fontSize\":32,\"fontWeight\":\"normal\",\"textAlign\":\"left\",\"thousandth\":true,\"prefix\":{\"title\":\"\",\"fontColor\":\"#ffffff\",\"fontSize\":16,\"fontWeight\":\"normal\"},\"unit\":{\"title\":\"%\",\"fontColor\":\"#ffffff\",\"fontSize\":16,\"fontWeight\":\"normal\"}}', 'false', 80, 35, 1095, 214, 1);
INSERT INTO `view_chart_item` VALUES (2766, 85, '13d9d913-291f-4697-bd74-73eb25ae982e', 14, '', 'LineNormal', '{\"dataSourceType\":\"DataBase\",\"database\":9,\"dimension\":\"legend\",\"name\":\"x\",\"value\":\"y\",\"sql\":\"select * from template_1_tm_line\",\"chartType\":\"LineNormal\"}', '{\"source\":[[\"dimension\",\"1\",\"2\"],[\"01/01\",\"16\",\"30\"],[\"02/01\",\"18\",\"80\"],[\"03/01\",\"80\",\"20\"],[\"04/01\",\"40\",\"120\"],[\"05/01\",\"20\",\"70\"],[\"06/01\",\"200\",\"100\"],[\"07/01\",\"90\",\"70\"],[\"08/01\",\"20\",\"90\"],[\"09/01\",\"90\",\"30\"],[\"10/01\",\"60\",\"50\"]]}', 0, 'true', 'true', 'false', 8000, '{\"title\":{\"show\":false,\"text\":\"标准折线图\",\"left\":\"center\",\"textStyle\":{\"color\":\"#ffffff\"}},\"legend\":{\"show\":false},\"grid\":{\"left\":\"10\",\"top\":\"\",\"right\":\"10\",\"bottom\":\"20%\"},\"xAxis\":{\"show\":true,\"type\":\"category\",\"axisLine\":{\"show\":false,\"lineStyle\":{\"color\":\"#ffffff\"}},\"axisLabel\":{\"show\":true,\"color\":\"#ffffff\"},\"axisTick\":{\"show\":false},\"splitLine\":{\"show\":false,\"lineStyle\":{\"color\":[\"#cccccc\"]}}},\"yAxis\":{\"axisLine\":{\"show\":true,\"lineStyle\":{\"color\":\"#ffffff\"}},\"axisLabel\":{\"show\":true,\"color\":\"#ffffff\"},\"axisTick\":{\"show\":false},\"splitLine\":{\"show\":false,\"lineStyle\":{\"color\":[\"#cccccc\"]}},\"show\":false},\"series\":[{\"type\":\"line\",\"lineStyle\":{},\"smooth\":true,\"showSymbol\":false},{\"type\":\"line\",\"lineStyle\":{\"type\":\"dashed\"},\"smooth\":true,\"showSymbol\":false}],\"dataset\":{\"source\":[[\"dimension\",\"1\",\"2\"],[\"01/01\",\"16\",\"30\"],[\"02/01\",\"18\",\"80\"],[\"03/01\",\"80\",\"20\"],[\"04/01\",\"40\",\"120\"],[\"05/01\",\"20\",\"70\"],[\"06/01\",\"200\",\"100\"],[\"07/01\",\"90\",\"70\"],[\"08/01\",\"20\",\"90\"],[\"09/01\",\"90\",\"30\"],[\"10/01\",\"60\",\"50\"]]},\"color\":[\"#E38092\",\"#FF64F4\"]}', 'false', 225, 100, 1165, 160, 1);
INSERT INTO `view_chart_item` VALUES (2767, 85, '07c2ce9d-1853-4c08-a4aa-c19132aa1f2a', 15, '', 'TitleText', '{\"dataSourceType\":\"\",\"database\":\"\",\"fileName\":\"\",\"sql\":\"\",\"x\":\"\",\"name\":\"\"}', '{}', 0, 'true', 'true', 'false', 8000, '{\"title\":\"在线结点数/结点率\",\"fontColor\":\"#b3b3b3\",\"fontSize\":18,\"height\":20,\"fontWeight\":\"normal\",\"textAlign\":\"left\"}', 'false', 155, 20, 1440, 160, 1);
INSERT INTO `view_chart_item` VALUES (2768, 85, 'cb5fc78c-470a-45e5-88c4-553b75379263', 16, '计数器', 'Counter', '{\"dataSourceType\":\"DataBase\",\"database\":9,\"value\":\"data\",\"sql\":\"SELECT * FROM template_1_onn_sum WHERE type = \'sum\'\",\"chartType\":\"Counter\"}', '{\"value\":\"128\"}', 0, 'true', 'true', 'false', 8000, '{\"fontColor\":\"#ffffff\",\"fontSize\":40,\"fontWeight\":\"normal\",\"textAlign\":\"left\",\"thousandth\":true,\"prefix\":{\"title\":\"\",\"fontColor\":\"#ffffff\",\"fontSize\":16,\"fontWeight\":\"normal\"},\"unit\":{\"title\":\"个\",\"fontColor\":\"#ffffff\",\"fontSize\":16,\"fontWeight\":\"normal\"}}', 'false', 100, 50, 1440, 205, 1);
INSERT INTO `view_chart_item` VALUES (2769, 85, 'a27c5586-6308-426c-a01e-e153e34ca0c6', 17, '', 'TitleText', '{\"dataSourceType\":\"\",\"database\":\"\",\"fileName\":\"\",\"sql\":\"\",\"x\":\"\",\"name\":\"\"}', '{}', 0, 'true', 'true', 'false', 8000, '{\"title\":\"/\",\"fontColor\":\"#ffffff\",\"fontSize\":22,\"height\":30,\"fontWeight\":\"normal\",\"textAlign\":\"center\"}', 'false', 30, 30, 1535, 218, 1);
INSERT INTO `view_chart_item` VALUES (2770, 85, '2fac313e-809b-4472-8f27-7019c39014fd', 18, '计数器', 'Counter', '{\"dataSourceType\":\"DataBase\",\"database\":9,\"value\":\"data\",\"sql\":\"SELECT * FROM template_1_onn_sum WHERE type = \'ratio\'\",\"chartType\":\"Counter\"}', '{\"value\":\"82\"}', 0, 'true', 'true', 'false', 8000, '{\"fontColor\":\"#ffffff\",\"fontSize\":32,\"fontWeight\":\"normal\",\"textAlign\":\"left\",\"thousandth\":false,\"prefix\":{\"title\":\"\",\"fontColor\":\"#ffffff\",\"fontSize\":16,\"fontWeight\":\"normal\"},\"unit\":{\"title\":\"%\",\"fontColor\":\"#ffffff\",\"fontSize\":16,\"fontWeight\":\"normal\"}}', 'false', 80, 35, 1570, 214, 1);
INSERT INTO `view_chart_item` VALUES (2771, 85, '8408b499-e40c-4ca8-818b-9689f02a7a6d', 19, '', 'LineNormal', '{\"dataSourceType\":\"DataBase\",\"database\":9,\"dimension\":\"legend\",\"name\":\"x\",\"value\":\"y\",\"sql\":\"select * from template_1_onn_line\",\"chartType\":\"LineNormal\"}', '{\"source\":[[\"dimension\",\"1\",\"2\"],[\"01/01\",\"30\",\"30\"],[\"02/01\",\"160\",\"80\"],[\"03/01\",\"80\",\"20\"],[\"04/01\",\"90\",\"120\"],[\"05/01\",\"20\",\"70\"],[\"06/01\",\"190\",\"100\"],[\"07/01\",\"100\",\"70\"],[\"08/01\",\"150\",\"90\"],[\"09/01\",\"90\",\"30\"],[\"10/01\",\"60\",\"50\"]]}', 0, 'true', 'true', 'false', 8000, '{\"title\":{\"show\":false,\"text\":\"标准折线图\",\"left\":\"center\",\"textStyle\":{\"color\":\"#ffffff\"}},\"legend\":{\"show\":false},\"grid\":{\"left\":\"10\",\"top\":\"\",\"right\":\"10\",\"bottom\":\"20%\"},\"xAxis\":{\"show\":true,\"type\":\"category\",\"axisLine\":{\"show\":false,\"lineStyle\":{\"color\":\"#ffffff\"}},\"axisLabel\":{\"show\":true,\"color\":\"#ffffff\"},\"axisTick\":{\"show\":false},\"splitLine\":{\"show\":false,\"lineStyle\":{\"color\":[\"#cccccc\"]}}},\"yAxis\":{\"axisLine\":{\"show\":true,\"lineStyle\":{\"color\":\"#ffffff\"}},\"axisLabel\":{\"show\":true,\"color\":\"#ffffff\"},\"axisTick\":{\"show\":false},\"splitLine\":{\"show\":false,\"lineStyle\":{\"color\":[\"#cccccc\"]}},\"show\":false},\"series\":[{\"type\":\"line\",\"lineStyle\":{},\"smooth\":true,\"showSymbol\":false},{\"type\":\"line\",\"lineStyle\":{\"type\":\"dashed\"},\"smooth\":true,\"showSymbol\":false}],\"dataset\":{\"source\":[[\"dimension\",\"1\",\"2\"],[\"01/01\",\"30\",\"30\"],[\"02/01\",\"160\",\"80\"],[\"03/01\",\"80\",\"20\"],[\"04/01\",\"90\",\"120\"],[\"05/01\",\"20\",\"70\"],[\"06/01\",\"190\",\"100\"],[\"07/01\",\"100\",\"70\"],[\"08/01\",\"150\",\"90\"],[\"09/01\",\"90\",\"30\"],[\"10/01\",\"60\",\"50\"]]},\"color\":[\"#E38092\",\"#FF64F4\"]}', 'false', 225, 100, 1635, 160, 1);
INSERT INTO `view_chart_item` VALUES (2772, 85, '28335863-5e86-474b-a4b2-1abdced74922', 20, '', 'TitleText', '{\"dataSourceType\":\"\",\"database\":\"\",\"fileName\":\"\",\"sql\":\"\",\"x\":\"\",\"name\":\"\"}', '{}', 0, 'true', 'true', 'false', 8000, '{\"title\":\"MaxCompute任务总数\",\"fontColor\":\"#ffffff\",\"fontSize\":24,\"height\":30,\"fontWeight\":\"normal\",\"textAlign\":\"left\"}', 'false', 250, 30, 60, 305, 1);
INSERT INTO `view_chart_item` VALUES (2773, 85, 'e4ff0620-3114-46bb-86bf-1db66bc58455', 21, '计数器', 'Counter', '{\"dataSourceType\":\"DataBase\",\"database\":9,\"value\":\"data\",\"sql\":\"SELECT * FROM template_1_mcj_sum WHERE type = \'sum\'\",\"chartType\":\"Counter\"}', '{\"value\":\"2352154\"}', 0, 'true', 'true', 'false', 8000, '{\"fontColor\":\"#b3b3b3\",\"fontSize\":22,\"fontWeight\":\"normal\",\"textAlign\":\"left\",\"thousandth\":true,\"prefix\":{\"title\":\"\",\"fontColor\":\"#ffffff\",\"fontSize\":16,\"fontWeight\":\"normal\"},\"unit\":{\"title\":\"\",\"fontColor\":\"#ffffff\",\"fontSize\":16,\"fontWeight\":\"normal\"}}', 'false', 110, 30, 100, 360, 1);
INSERT INTO `view_chart_item` VALUES (2774, 85, 'bc12fc1f-e0b2-4cba-bb5b-9a3c41b6eeb1', 22, '', 'TitleText', '{\"dataSourceType\":\"\",\"database\":\"\",\"fileName\":\"\",\"sql\":\"\",\"x\":\"\",\"name\":\"\"}', '{}', 0, 'true', 'true', 'false', 8000, '{\"title\":\"同比\",\"fontColor\":\"#b3b3b3\",\"fontSize\":20,\"height\":30,\"fontWeight\":\"normal\",\"textAlign\":\"left\"}', 'false', 60, 30, 550, 360, 1);
INSERT INTO `view_chart_item` VALUES (2775, 85, '25c21699-7339-474d-9d80-124c7c5c47ac', 23, '计数器', 'Counter', '{\"dataSourceType\":\"DataBase\",\"database\":9,\"value\":\"data\",\"sql\":\"SELECT * FROM template_1_mcj_sum WHERE type = \'year_on_tear\'\",\"chartType\":\"Counter\"}', '{\"value\":\"23\"}', 0, 'true', 'true', 'false', 8000, '{\"fontColor\":\"#b3b3b3\",\"fontSize\":18,\"fontWeight\":\"normal\",\"textAlign\":\"left\",\"thousandth\":false,\"prefix\":{\"title\":\"\",\"fontColor\":\"#ffffff\",\"fontSize\":16,\"fontWeight\":\"normal\"},\"unit\":{\"title\":\"%\",\"fontColor\":\"#b3b3b3\",\"fontSize\":16,\"fontWeight\":\"normal\"}}', 'false', 60, 25, 610, 365, 1);
INSERT INTO `view_chart_item` VALUES (2776, 85, '57a99a83-5ff8-4a68-894f-e59bb8da11c8', 24, '', 'TitleText', '{\"dataSourceType\":\"\",\"database\":\"\",\"fileName\":\"\",\"sql\":\"\",\"x\":\"\",\"name\":\"\"}', '{}', 0, 'true', 'true', 'false', 8000, '{\"title\":\"同比\",\"fontColor\":\"#b3b3b3\",\"fontSize\":20,\"height\":30,\"fontWeight\":\"normal\",\"textAlign\":\"left\"}', 'false', 60, 30, 680, 360, 1);
INSERT INTO `view_chart_item` VALUES (2777, 85, '8ca7850a-7059-451a-8fcf-479f5a1b9605', 25, '计数器', 'Counter', '{\"dataSourceType\":\"DataBase\",\"database\":9,\"value\":\"data\",\"sql\":\"SELECT * FROM template_1_mcj_sum WHERE type = \'chain_ratio\'\",\"chartType\":\"Counter\"}', '{\"value\":\"23\"}', 0, 'true', 'true', 'false', 8000, '{\"fontColor\":\"#b3b3b3\",\"fontSize\":18,\"fontWeight\":\"normal\",\"textAlign\":\"left\",\"thousandth\":false,\"prefix\":{\"title\":\"\",\"fontColor\":\"#ffffff\",\"fontSize\":16,\"fontWeight\":\"normal\"},\"unit\":{\"title\":\"%\",\"fontColor\":\"#b3b3b3\",\"fontSize\":16,\"fontWeight\":\"normal\"}}', 'false', 60, 25, 740, 365, 1);
INSERT INTO `view_chart_item` VALUES (2778, 85, '7ab66b4e-e5dd-4530-b962-3e0c628d3ea3', 26, '', 'LineNormal', '{\"dataSourceType\":\"DataBase\",\"database\":9,\"dimension\":\"legend\",\"name\":\"x\",\"value\":\"y\",\"sql\":\"select * from template_1_mcj_line\",\"chartType\":\"LineNormal\"}', '{\"source\":[[\"dimension\",\"1\",\"2\"],[\"01/01\",\"60\",\"70\"],[\"02/01\",\"50\",\"80\"],[\"03/01\",\"60\",\"80\"],[\"04/01\",\"60\",\"150\"],[\"05/01\",\"100\",\"90\"],[\"06/01\",\"70\",\"130\"],[\"07/01\",\"150\",\"50\"],[\"08/01\",\"70\",\"20\"],[\"09/01\",\"20\",\"90\"],[\"10/01\",\"55\",\"130\"],[\"11/01\",\"220\",\"40\"],[\"12/01\",\"100\",\"80\"]]}', 0, 'true', 'true', 'false', 8000, '{\"title\":{\"show\":false,\"text\":\"标准折线图\",\"left\":\"center\",\"textStyle\":{\"color\":\"#ffffff\"}},\"legend\":{\"show\":false},\"grid\":{\"left\":\"5%\",\"top\":\"10\",\"right\":\"10\",\"bottom\":\"10\"},\"xAxis\":{\"show\":false,\"type\":\"category\",\"axisLine\":{\"show\":false,\"lineStyle\":{\"color\":\"#ffffff\"}},\"axisLabel\":{\"show\":false,\"color\":\"#ffffff\"},\"axisTick\":{\"show\":false},\"splitLine\":{\"show\":false,\"lineStyle\":{\"color\":[\"#cccccc\"]}}},\"yAxis\":{\"axisLine\":{\"show\":false,\"lineStyle\":{\"color\":\"#ffffff\"}},\"axisLabel\":{\"show\":true,\"color\":\"#ffffff\"},\"axisTick\":{\"show\":false},\"splitLine\":{\"show\":false,\"lineStyle\":{\"color\":[\"#cccccc\"]}},\"show\":true},\"series\":[{\"type\":\"line\",\"lineStyle\":{},\"smooth\":true,\"showSymbol\":false},{\"type\":\"line\",\"lineStyle\":{\"type\":\"dashed\"},\"smooth\":true,\"showSymbol\":false}],\"dataset\":{\"source\":[[\"dimension\",\"1\",\"2\"],[\"01/01\",\"60\",\"70\"],[\"02/01\",\"50\",\"80\"],[\"03/01\",\"60\",\"80\"],[\"04/01\",\"60\",\"150\"],[\"05/01\",\"100\",\"90\"],[\"06/01\",\"70\",\"130\"],[\"07/01\",\"150\",\"50\"],[\"08/01\",\"70\",\"20\"],[\"09/01\",\"20\",\"90\"],[\"10/01\",\"55\",\"130\"],[\"11/01\",\"220\",\"40\"],[\"12/01\",\"100\",\"80\"]]},\"color\":[\"#E38092\",\"#FF64F4\"]}', 'false', 775, 275, 45, 405, 1);
INSERT INTO `view_chart_item` VALUES (2779, 85, '608329b7-b81c-4486-8f7d-ee650e8f11c2', 27, '', 'TitleText', '{\"dataSourceType\":\"\",\"database\":\"\",\"fileName\":\"\",\"sql\":\"\",\"x\":\"\",\"name\":\"\"}', '{}', 0, 'true', 'true', 'false', 8000, '{\"title\":\"任务情况\",\"fontColor\":\"#ffffff\",\"fontSize\":24,\"height\":30,\"fontWeight\":\"normal\",\"textAlign\":\"left\"}', 'false', 125, 30, 895, 305, 1);
INSERT INTO `view_chart_item` VALUES (2780, 85, 'dcd092f3-3425-4234-8a59-242762e431d2', 28, '', 'PieNormal', '{\"dataSourceType\":\"DataBase\",\"database\":9,\"name\":\"name\",\"value\":\"value\",\"sql\":\"select name,value from template_1_jt_pie\",\"chartType\":\"PieNormal\"}', '{\"source\":[[\"dimension\",\"\"],[\"TYPE_1\",\"32\"],[\"TYPE_2\",\"54\"],[\"TYPE_3\",\"45\"],[\"TYPE_4\",\"12\"],[\"TYPE_5\",\"40\"]]}', 0, 'true', 'true', 'false', 8000, '{\"title\":{\"text\":\"任务类型分布\",\"x\":\"center\",\"textStyle\":{\"color\":\"#ffffff\"},\"show\":true,\"left\":\"center\",\"top\":\"bottom\"},\"legend\":{\"show\":false},\"tooltip\":{\"trigger\":\"item\",\"formatter\":\"{a}<br/>{b}:{c}({d}%)\"},\"series\":[{\"type\":\"pie\",\"center\":[\"50%\",\"40%\"],\"radius\":[\"50%\",\"70%\"],\"roseType\":false,\"label\":{\"show\":false},\"labelLine\":{}}],\"dataset\":{\"source\":[[\"dimension\",\"\"],[\"TYPE_1\",\"32\"],[\"TYPE_2\",\"54\"],[\"TYPE_3\",\"45\"],[\"TYPE_4\",\"12\"],[\"TYPE_5\",\"40\"]]},\"color\":[\"#E99B9F\",\"#EE8287\",\"#BE69AC\",\"#9E5DB7\",\"#973CE4\"]}', 'false', 250, 250, 900, 380, 1);
INSERT INTO `view_chart_item` VALUES (2781, 85, '735b4e10-da59-476f-bf70-3b5aa9fc40df', 29, '', 'PieNormal', '{\"dataSourceType\":\"DataBase\",\"database\":9,\"name\":\"name\",\"value\":\"value\",\"sql\":\"select name,value from template_1_js_pie\",\"chartType\":\"PieNormal\"}', '{\"source\":[[\"dimension\",\"\"],[\"TYPE_1\",\"82\"],[\"TYPE_2\",\"18\"]]}', 0, 'true', 'true', 'false', 8000, '{\"title\":{\"text\":\"成功任务比例\",\"x\":\"center\",\"textStyle\":{\"color\":\"#ffffff\"},\"show\":true,\"left\":\"center\",\"top\":\"bottom\"},\"legend\":{\"show\":false},\"tooltip\":{\"trigger\":\"item\",\"formatter\":\"{a}<br/>{b}:{c}({d}%)\"},\"series\":[{\"type\":\"pie\",\"center\":[\"50%\",\"40%\"],\"radius\":[\"50%\",\"70%\"],\"roseType\":false,\"label\":{\"show\":false},\"labelLine\":{}}],\"dataset\":{\"source\":[[\"dimension\",\"\"],[\"TYPE_1\",\"82\"],[\"TYPE_2\",\"18\"]]},\"color\":[\"#EE8287\",\"#9E5DB7\",\"#973CE4\"]}', 'false', 250, 250, 1210, 380, 1);
INSERT INTO `view_chart_item` VALUES (2782, 85, 'dcac53d4-aebb-4c74-9b38-f936a3e7160f', 30, '', 'TitleText', '{\"dataSourceType\":\"\",\"database\":\"\",\"fileName\":\"\",\"sql\":\"\",\"x\":\"\",\"name\":\"\"}', '{}', 0, 'true', 'true', 'false', 8000, '{\"title\":\"表平均容量\",\"fontColor\":\"#ffffff\",\"fontSize\":24,\"height\":30,\"fontWeight\":\"normal\",\"textAlign\":\"left\"}', 'false', 130, 30, 1545, 305, 1);
INSERT INTO `view_chart_item` VALUES (2783, 85, '6b016f4f-fac9-4154-a557-dfae5b4d93ed', 31, '计数器', 'Counter', '{\"dataSourceType\":\"DataBase\",\"database\":9,\"value\":\"data\",\"sql\":\"SELECT * FROM template_1_tac_sum WHERE type = \'sum1\'\",\"chartType\":\"Counter\"}', '{\"value\":\"1246\"}', 0, 'true', 'true', 'false', 8000, '{\"fontColor\":\"#ffffff\",\"fontSize\":40,\"fontWeight\":\"normal\",\"textAlign\":\"left\",\"thousandth\":true,\"prefix\":{\"title\":\"\",\"fontColor\":\"#ffffff\",\"fontSize\":16,\"fontWeight\":\"normal\"},\"unit\":{\"title\":\"GB\",\"fontColor\":\"#b3b3b3\",\"fontSize\":16,\"fontWeight\":\"normal\"}}', 'false', 160, 50, 1550, 360, 1);
INSERT INTO `view_chart_item` VALUES (2784, 85, '3313bf3f-f5d4-4317-a5c5-75327935520d', 32, '计数器', 'Counter', '{\"dataSourceType\":\"DataBase\",\"database\":9,\"value\":\"data\",\"sql\":\"SELECT * FROM template_1_tac_sum WHERE type = \'sum2\'\",\"chartType\":\"Counter\"}', '{\"value\":\"655\"}', 0, 'true', 'true', 'false', 8000, '{\"fontColor\":\"#ffffff\",\"fontSize\":40,\"fontWeight\":\"normal\",\"textAlign\":\"left\",\"thousandth\":true,\"prefix\":{\"title\":\"\",\"fontColor\":\"#ffffff\",\"fontSize\":16,\"fontWeight\":\"normal\"},\"unit\":{\"title\":\"GB\",\"fontColor\":\"#b3b3b3\",\"fontSize\":16,\"fontWeight\":\"normal\"}}', 'false', 120, 50, 1750, 360, 1);
INSERT INTO `view_chart_item` VALUES (2785, 85, '8c1022f6-4c4e-4daa-90aa-ba7da1d7cea5', 33, '', 'HistogramNormal', '{\"dataSourceType\":\"DataBase\",\"database\":9,\"dimension\":\"无\",\"name\":\"x\",\"value\":\"y\",\"sql\":\"select * from template_1_tac_histogram\",\"chartType\":\"HistogramNormal\"}', '{\"source\":[[\"dimension\"],[\"2月\",\"235\"],[\"3月\",\"156\"],[\"4月\",\"123\"],[\"5月\",\"423\"],[\"6月\",\"456\"],[\"7月\",\"356\"],[\"8月\",\"456\"],[\"9月\",\"853\"],[\"10月\",\"456\"],[\"11月\",\"456\"],[\"12月\",\"456\"]]}', 0, 'true', 'true', 'false', 8000, '{\"title\":{\"text\":\"标准柱状图\",\"left\":\"center\",\"textStyle\":{\"color\":\"#fff\"},\"show\":false},\"legend\":{\"show\":false},\"grid\":{\"left\":\"10\",\"top\":\"\",\"right\":\"10\",\"bottom\":\"10%\"},\"xAxis\":{\"show\":true,\"type\":\"category\",\"axisLine\":{\"show\":false,\"lineStyle\":{\"color\":\"#ffffff\"}},\"axisLabel\":{\"show\":true,\"color\":\"#ffffff\"},\"axisTick\":{\"show\":false},\"splitLine\":{\"show\":false,\"lineStyle\":{\"color\":[\"#cccccc\"]}}},\"yAxis\":{\"axisLine\":{\"show\":true,\"lineStyle\":{\"color\":\"#ffffff\"}},\"axisLabel\":{\"show\":true,\"color\":\"#ffffff\"},\"axisTick\":{\"show\":false},\"splitLine\":{\"show\":false,\"lineStyle\":{\"color\":[\"#cccccc\"]}},\"show\":false},\"series\":[{\"type\":\"bar\",\"itemStyle\":{\"color\":{\"x\":0,\"y\":0,\"x2\":0,\"y2\":1,\"type\":\"linear\",\"global\":false,\"colorStops\":[{\"offset\":0,\"color\":\"#E38A99\"},{\"offset\":1,\"color\":\"#9E5DB7\"}]}},\"barWidth\":0}],\"dataset\":{\"source\":[[\"dimension\"],[\"2月\",\"235\"],[\"3月\",\"156\"],[\"4月\",\"123\"],[\"5月\",\"423\"],[\"6月\",\"456\"],[\"7月\",\"356\"],[\"8月\",\"456\"],[\"9月\",\"853\"],[\"10月\",\"456\"],[\"11月\",\"456\"],[\"12月\",\"456\"]]}}', 'false', 350, 250, 1530, 425, 1);
INSERT INTO `view_chart_item` VALUES (2786, 85, 'faa32919-cf60-493d-bf10-8b4404a92dcf', 34, '', 'TitleText', '{\"dataSourceType\":\"\",\"database\":\"\",\"fileName\":\"\",\"sql\":\"\",\"x\":\"\",\"name\":\"\"}', '{}', 0, 'true', 'true', 'false', 8000, '{\"title\":\"表储存容量\",\"fontColor\":\"#ffffff\",\"fontSize\":24,\"height\":30,\"fontWeight\":\"normal\",\"textAlign\":\"left\"}', 'false', 135, 30, 60, 715, 1);
INSERT INTO `view_chart_item` VALUES (2787, 85, 'e77aa645-da5b-42e7-b0d6-f075ccaf1c0b', 35, '', 'HistogramNormal', '{\"dataSourceType\":\"DataBase\",\"database\":9,\"dimension\":\"无\",\"name\":\"x\",\"value\":\"y\",\"sql\":\"select * from template_1_tsc_histogram\",\"chartType\":\"HistogramNormal\"}', '{\"source\":[[\"dimension\"],[\"上海\",\"23\"],[\"深证\",\"13\"],[\"合肥\",\"2\"],[\"成都\",\"9\"],[\"安徽\",\"5\"],[\"北京\",\"10\"],[\"杭州\",\"14\"],[\"长沙\",\"24\"]]}', 0, 'true', 'true', 'false', 8000, '{\"title\":{\"text\":\"标准柱状图\",\"left\":\"center\",\"textStyle\":{\"color\":\"#fff\"},\"show\":false},\"legend\":{\"show\":false},\"grid\":{\"left\":\"10%\",\"top\":\"10\",\"right\":\"10\",\"bottom\":\"10\"},\"xAxis\":{\"show\":false,\"type\":\"value\",\"axisLine\":{\"show\":false,\"lineStyle\":{\"color\":\"#ffffff\"}},\"axisLabel\":{\"show\":true,\"color\":\"#ffffff\"},\"axisTick\":{\"show\":false},\"splitLine\":{\"show\":false,\"lineStyle\":{\"color\":[\"#cccccc\"]}}},\"yAxis\":{\"axisLine\":{\"show\":false,\"lineStyle\":{\"color\":\"#ffffff\"}},\"axisLabel\":{\"show\":true,\"color\":\"#ffffff\"},\"axisTick\":{\"show\":false},\"splitLine\":{\"show\":false,\"lineStyle\":{\"color\":[\"#cccccc\"]}},\"show\":true,\"type\":\"category\"},\"series\":[{\"type\":\"bar\",\"itemStyle\":{\"color\":{\"x\":1,\"y\":0,\"x2\":0,\"y2\":0,\"type\":\"linear\",\"global\":false,\"colorStops\":[{\"offset\":0,\"color\":\"#E38A99\"},{\"offset\":1,\"color\":\"#9E5DB7\"}]}},\"barWidth\":\"50%\"}],\"dataset\":{\"source\":[[\"dimension\"],[\"上海\",\"23\"],[\"深证\",\"13\"],[\"合肥\",\"2\"],[\"成都\",\"9\"],[\"安徽\",\"5\"],[\"北京\",\"10\"],[\"杭州\",\"14\"],[\"长沙\",\"24\"]]}}', 'false', 385, 280, 40, 775, 1);
INSERT INTO `view_chart_item` VALUES (2788, 85, '56a9a12a-8af7-4d2b-902d-4ffdede38a42', 36, '', 'TitleText', '{\"dataSourceType\":\"\",\"database\":\"\",\"fileName\":\"\",\"sql\":\"\",\"x\":\"\",\"name\":\"\"}', '{}', 0, 'true', 'true', 'false', 8000, '{\"title\":\"运行耗时最长任务\",\"fontColor\":\"#ffffff\",\"fontSize\":24,\"height\":30,\"fontWeight\":\"normal\",\"textAlign\":\"left\"}', 'false', 200, 30, 495, 715, 1);
INSERT INTO `view_chart_item` VALUES (2789, 85, 'b8975159-612c-4196-8a95-4501796b9f19', 37, '轮播列表', 'CarouselList', '{\"dataSourceType\":\"DataBase\",\"database\":9,\"sql\":\"select area,pv,series1,attribute from template_1_rlt_list\",\"chartType\":\"CarouselList\"}', '{\"body\":[[\"北京\",\"6715\",\"99.7%\",\"6696\"],[\"天津\",\"6715\",\"99.7%\",\"6696\"],[\"河北\",\"6715\",\"99.7%\",\"6696\"],[\"山西\",\"6715\",\"99.7%\",\"6696\"],[\"内蒙古\",\"6715\",\"99.7%\",\"6696\"],[\"辽宁\",\"6715\",\"99.7%\",\"6696\"],[\"大连\",\"6715\",\"99.7%\",\"6696\"],[\"吉林\",\"6715\",\"99.7%\",\"6696\"],[\"贵州\",\"6715\",\"99.7%\",\"6696\"],[\"黑龙江\",\"6715\",\"99.7%\",\"6696\"],[\"浙江\",\"6715\",\"99.7%\",\"6696\"],[\"江苏\",\"6715\",\"99.7%\",\"6696\"],[\"海南\",\"6715\",\"99.7%\",\"6696\"],[\"广东\",\"6715\",\"99.7%\",\"6696\"],[\"广西\",\"6715\",\"99.7%\",\"6696\"],[\"安徽\",\"6715\",\"99.7%\",\"6696\"],[\"新疆\",\"6715\",\"99.7%\",\"6696\"],[\"西藏\",\"6715\",\"99.7%\",\"6696\"],[\"宁夏\",\"6715\",\"99.7%\",\"6696\"],[\"湖南\",\"6715\",\"99.7%\",\"6696\"],[\"湖北\",\"6715\",\"99.7%\",\"6696\"],[\"山东\",\"6715\",\"99.7%\",\"6696\"],[\"新疆\",\"6715\",\"99.7%\",\"6696\"],[\"青海\",\"6715\",\"99.7%\",\"6696\"]],\"header\":[\"area\",\"pv\",\"series1\",\"attribute\"]}', 0, 'true', 'true', 'false', 8000, '{\"header\":{\"show\":false,\"height\":35,\"fontColor\":\"#ffffff\",\"fontSize\":13,\"data\":[{\"width\":\"100px\",\"label\":\"area\"},{\"width\":\"100px\",\"label\":\"pv\"},{\"width\":\"100px\",\"label\":\"series1\"},{\"width\":\"80px\",\"label\":\"attribute\"}]},\"body\":{\"height\":35,\"fontColor\":\"#e2e2e2\",\"fontSize\":14,\"speed\":3,\"rowNum\":8,\"data\":[[\"北京\",\"6715\",\"99.7%\",\"6696\"],[\"天津\",\"6715\",\"99.7%\",\"6696\"],[\"河北\",\"6715\",\"99.7%\",\"6696\"],[\"山西\",\"6715\",\"99.7%\",\"6696\"],[\"内蒙古\",\"6715\",\"99.7%\",\"6696\"],[\"辽宁\",\"6715\",\"99.7%\",\"6696\"],[\"大连\",\"6715\",\"99.7%\",\"6696\"],[\"吉林\",\"6715\",\"99.7%\",\"6696\"],[\"贵州\",\"6715\",\"99.7%\",\"6696\"],[\"黑龙江\",\"6715\",\"99.7%\",\"6696\"],[\"浙江\",\"6715\",\"99.7%\",\"6696\"],[\"江苏\",\"6715\",\"99.7%\",\"6696\"],[\"海南\",\"6715\",\"99.7%\",\"6696\"],[\"广东\",\"6715\",\"99.7%\",\"6696\"],[\"广西\",\"6715\",\"99.7%\",\"6696\"],[\"安徽\",\"6715\",\"99.7%\",\"6696\"],[\"新疆\",\"6715\",\"99.7%\",\"6696\"],[\"西藏\",\"6715\",\"99.7%\",\"6696\"],[\"宁夏\",\"6715\",\"99.7%\",\"6696\"],[\"湖南\",\"6715\",\"99.7%\",\"6696\"],[\"湖北\",\"6715\",\"99.7%\",\"6696\"],[\"山东\",\"6715\",\"99.7%\",\"6696\"],[\"新疆\",\"6715\",\"99.7%\",\"6696\"],[\"青海\",\"6715\",\"99.7%\",\"6696\"]]}}', 'false', 390, 300, 455, 775, 1);
INSERT INTO `view_chart_item` VALUES (2790, 85, '20b8b170-4679-4ac1-a98a-324d430b7d26', 38, '', 'TitleText', '{\"dataSourceType\":\"\",\"database\":\"\",\"fileName\":\"\",\"sql\":\"\",\"x\":\"\",\"name\":\"\"}', '{}', 0, 'true', 'true', 'false', 8000, '{\"title\":\"资源耗时最大任务\",\"fontColor\":\"#ffffff\",\"fontSize\":24,\"height\":30,\"fontWeight\":\"normal\",\"textAlign\":\"left\"}', 'false', 200, 30, 895, 715, 1);
INSERT INTO `view_chart_item` VALUES (2791, 85, '16fa32e9-532b-4606-ab07-e986d906bb7a', 39, '轮播列表', 'CarouselList', '{\"dataSourceType\":\"DataBase\",\"database\":9,\"sql\":\"select area,pv,series1,attribute from template_1_rlt_list\",\"chartType\":\"CarouselList\"}', '{\"body\":[[\"北京\",\"6715\",\"99.7%\",\"6696\"],[\"天津\",\"6715\",\"99.7%\",\"6696\"],[\"河北\",\"6715\",\"99.7%\",\"6696\"],[\"山西\",\"6715\",\"99.7%\",\"6696\"],[\"内蒙古\",\"6715\",\"99.7%\",\"6696\"],[\"辽宁\",\"6715\",\"99.7%\",\"6696\"],[\"大连\",\"6715\",\"99.7%\",\"6696\"],[\"吉林\",\"6715\",\"99.7%\",\"6696\"],[\"贵州\",\"6715\",\"99.7%\",\"6696\"],[\"黑龙江\",\"6715\",\"99.7%\",\"6696\"],[\"浙江\",\"6715\",\"99.7%\",\"6696\"],[\"江苏\",\"6715\",\"99.7%\",\"6696\"],[\"海南\",\"6715\",\"99.7%\",\"6696\"],[\"广东\",\"6715\",\"99.7%\",\"6696\"],[\"广西\",\"6715\",\"99.7%\",\"6696\"],[\"安徽\",\"6715\",\"99.7%\",\"6696\"],[\"新疆\",\"6715\",\"99.7%\",\"6696\"],[\"西藏\",\"6715\",\"99.7%\",\"6696\"],[\"宁夏\",\"6715\",\"99.7%\",\"6696\"],[\"湖南\",\"6715\",\"99.7%\",\"6696\"],[\"湖北\",\"6715\",\"99.7%\",\"6696\"],[\"山东\",\"6715\",\"99.7%\",\"6696\"],[\"新疆\",\"6715\",\"99.7%\",\"6696\"],[\"青海\",\"6715\",\"99.7%\",\"6696\"]],\"header\":[\"area\",\"pv\",\"series1\",\"attribute\"]}', 0, 'true', 'true', 'false', 8000, '{\"header\":{\"show\":false,\"height\":35,\"fontColor\":\"#ffffff\",\"fontSize\":13,\"data\":[{\"width\":\"250px\",\"label\":\"area\"},{\"width\":\"250px\",\"label\":\"pv\"},{\"width\":\"250px\",\"label\":\"series1\"},{\"width\":\"200px\",\"label\":\"attribute\"}]},\"body\":{\"height\":30,\"fontColor\":\"#e2e2e2\",\"fontSize\":12,\"speed\":3,\"rowNum\":10,\"data\":[[\"北京\",\"6715\",\"99.7%\",\"6696\"],[\"天津\",\"6715\",\"99.7%\",\"6696\"],[\"河北\",\"6715\",\"99.7%\",\"6696\"],[\"山西\",\"6715\",\"99.7%\",\"6696\"],[\"内蒙古\",\"6715\",\"99.7%\",\"6696\"],[\"辽宁\",\"6715\",\"99.7%\",\"6696\"],[\"大连\",\"6715\",\"99.7%\",\"6696\"],[\"吉林\",\"6715\",\"99.7%\",\"6696\"],[\"贵州\",\"6715\",\"99.7%\",\"6696\"],[\"黑龙江\",\"6715\",\"99.7%\",\"6696\"],[\"浙江\",\"6715\",\"99.7%\",\"6696\"],[\"江苏\",\"6715\",\"99.7%\",\"6696\"],[\"海南\",\"6715\",\"99.7%\",\"6696\"],[\"广东\",\"6715\",\"99.7%\",\"6696\"],[\"广西\",\"6715\",\"99.7%\",\"6696\"],[\"安徽\",\"6715\",\"99.7%\",\"6696\"],[\"新疆\",\"6715\",\"99.7%\",\"6696\"],[\"西藏\",\"6715\",\"99.7%\",\"6696\"],[\"宁夏\",\"6715\",\"99.7%\",\"6696\"],[\"湖南\",\"6715\",\"99.7%\",\"6696\"],[\"湖北\",\"6715\",\"99.7%\",\"6696\"],[\"山东\",\"6715\",\"99.7%\",\"6696\"],[\"新疆\",\"6715\",\"99.7%\",\"6696\"],[\"青海\",\"6715\",\"99.7%\",\"6696\"]]}}', 'false', 980, 300, 880, 760, 1);
INSERT INTO `view_chart_item` VALUES (2792, 86, 'eb7fab5d-2ffa-4acf-90b8-28b81668070f', 0, '', 'TitleText', '{\"dataSourceType\":\"\",\"database\":\"\",\"fileName\":\"\",\"sql\":\"\",\"x\":\"\",\"name\":\"\"}', '{}', 0, 'true', 'false', 'false', 8000, '{\"title\":\"企业实时销售数据\",\"fontColor\":\"#ffffff\",\"fontSize\":35,\"height\":45,\"fontWeight\":\"normal\",\"textAlign\":\"left\"}', 'false', 300, 45, 50, 30, 1);
INSERT INTO `view_chart_item` VALUES (2793, 86, 'e336a34d-0b3d-4fb6-b052-a6a2051d96a8', 1, '', 'TitleText', '{\"dataSourceType\":\"\",\"database\":\"\",\"fileName\":\"\",\"sql\":\"\",\"x\":\"\",\"name\":\"\"}', '{}', 0, 'true', 'false', 'false', 8000, '{\"title\":\"销售总额\",\"fontColor\":\"#73aae5\",\"fontSize\":30,\"height\":35,\"fontWeight\":\"normal\",\"textAlign\":\"left\"}', 'false', 130, 35, 755, 180, 1);
INSERT INTO `view_chart_item` VALUES (2794, 86, 'fce3b979-5eca-4134-b44b-2e9383e6f6df', 2, '', 'TitleText', '{\"dataSourceType\":\"\",\"database\":\"\",\"fileName\":\"\",\"sql\":\"\",\"x\":\"\",\"name\":\"\"}', '{}', 0, 'true', 'false', 'false', 8000, '{\"title\":\"同比增长\",\"fontColor\":\"#73aae5\",\"fontSize\":22,\"height\":30,\"fontWeight\":\"normal\",\"textAlign\":\"left\"}', 'false', 100, 30, 95, 250, 1);
INSERT INTO `view_chart_item` VALUES (2795, 86, '6ee09142-c21b-40e0-9e13-8332a32624a3', 3, '', 'MapChina', '{\"dataSourceType\":\"DataBase\",\"database\":9,\"name\":\"name\",\"value\":\"value\",\"sql\":\"select * from template_2_map\",\"chartType\":\"MapChina\"}', '{\"source\":[[\"dimension\",\"\"],[\"北京\",\"7040\"],[\"天津\",\"9876\"],[\"上海\",\"8278\"],[\"重庆\",\"8906\"],[\"河北\",\"9716\"],[\"河南\",\"5617\"],[\"云南\",\"7151\"],[\"辽宁\",\"6743\"],[\"黑龙江\",\"7202\"],[\"湖南\",\"9389\"],[\"安徽\",\"9485\"],[\"山东\",\"6896\"],[\"新疆\",\"7260\"],[\"江苏\",\"9821\"],[\"浙江\",\"7515\"],[\"江西\",\"5478\"],[\"湖北\",\"9371\"],[\"广西\",\"9802\"],[\"甘肃\",\"7963\"],[\"山西\",\"7768\"],[\"内蒙古\",\"6326\"],[\"陕西\",\"8913\"],[\"吉林\",\"8976\"],[\"福建\",\"6401\"],[\"贵州\",\"7137\"],[\"广东\",\"7612\"],[\"青海\",\"7889\"],[\"西藏\",\"8218\"],[\"四川\",\"5466\"],[\"宁夏\",\"7034\"],[\"海南\",\"5392\"],[\"台湾\",\"6428\"],[\"香港\",\"6802\"],[\"澳门\",\"6657\"]]}', 0, 'true', 'false', 'false', 8000, '{\"title\":{\"show\":false,\"text\":\"中国地图\",\"left\":\"center\",\"textStyle\":{\"color\":\"#ffffff\"}},\"legend\":{\"show\":false},\"visualMap\":{\"show\":true,\"text\":[],\"type\":\"continuous\",\"calculable\":true,\"left\":\"left\",\"top\":\"bottom\",\"min\":5000,\"max\":10000,\"color\":[\"#711D8E\",\"#484CDC\",\"#24CBFF\"]},\"geo\":{\"map\":\"china\"},\"series\":[{\"type\":\"map\",\"map\":\"china\",\"itemStyle\":{\"areaColor\":\"#080B19\",\"borderColor\":\"#00C8DC\"},\"showLegendSymbol\":false}],\"dataset\":{\"source\":[[\"dimension\",\"\"],[\"北京\",\"7040\"],[\"天津\",\"9876\"],[\"上海\",\"8278\"],[\"重庆\",\"8906\"],[\"河北\",\"9716\"],[\"河南\",\"5617\"],[\"云南\",\"7151\"],[\"辽宁\",\"6743\"],[\"黑龙江\",\"7202\"],[\"湖南\",\"9389\"],[\"安徽\",\"9485\"],[\"山东\",\"6896\"],[\"新疆\",\"7260\"],[\"江苏\",\"9821\"],[\"浙江\",\"7515\"],[\"江西\",\"5478\"],[\"湖北\",\"9371\"],[\"广西\",\"9802\"],[\"甘肃\",\"7963\"],[\"山西\",\"7768\"],[\"内蒙古\",\"6326\"],[\"陕西\",\"8913\"],[\"吉林\",\"8976\"],[\"福建\",\"6401\"],[\"贵州\",\"7137\"],[\"广东\",\"7612\"],[\"青海\",\"7889\"],[\"西藏\",\"8218\"],[\"四川\",\"5466\"],[\"宁夏\",\"7034\"],[\"海南\",\"5392\"],[\"台湾\",\"6428\"],[\"香港\",\"6802\"],[\"澳门\",\"6657\"]]}}', 'false', 920, 700, 75, 305, 1);
INSERT INTO `view_chart_item` VALUES (2796, 86, 'e9af166e-a142-4b1b-85ec-46fb33f98c82', 4, '', 'TitleText', '{\"dataSourceType\":\"\",\"database\":\"\",\"fileName\":\"\",\"sql\":\"\",\"x\":\"\",\"name\":\"\"}', '{}', 0, 'true', 'false', 'false', 8000, '{\"title\":\"一季度销售进度\",\"fontColor\":\"#73aae5\",\"fontSize\":20,\"height\":25,\"fontWeight\":\"normal\",\"textAlign\":\"center\"}', 'false', 150, 25, 1045, 35, 1);
INSERT INTO `view_chart_item` VALUES (2797, 86, '01eed26f-88f2-4dbc-91e9-4e598b3188f1', 5, '', 'PieNormal', '{\"dataSourceType\":\"DataBase\",\"database\":9,\"name\":\"name\",\"value\":\"value\",\"sql\":\"select * from template_2_sp_pie_new\",\"chartType\":\"PieNormal\"}', '{\"source\":[[\"dimension\",\"\"],[\"完成\",\"85\"],[\"未完成\",\"15\"]]}', 0, 'true', 'false', 'false', 8000, '{\"title\":{\"text\":\"85%\",\"x\":\"center\",\"textStyle\":{\"color\":\"#98a0c4\"},\"show\":true,\"left\":\"center\",\"top\":\"center\"},\"legend\":{\"show\":false,\"textStyle\":{\"color\":\"#ffffff\"}},\"tooltip\":{\"trigger\":\"item\",\"formatter\":\"{a}<br/>{b}:{c}({d}%)\"},\"series\":[{\"type\":\"pie\",\"center\":[\"50%\",\"50%\"],\"radius\":[\"60%\",\"75%\"],\"roseType\":false,\"label\":{\"show\":false},\"labelLine\":{}}],\"dataset\":{\"source\":[[\"dimension\",\"\"],[\"完成\",\"85\"],[\"未完成\",\"15\"]]},\"color\":[\"#7760F6\",\"#2C345C\"]}', 'false', 410, 205, 1040, 65, 1);
INSERT INTO `view_chart_item` VALUES (2798, 86, '74cb363f-a0f1-4b08-a6d2-f022ad8a9b92', 6, '计数器', 'Counter', '{\"dataSourceType\":\"DataBase\",\"database\":9,\"value\":\"data\",\"sql\":\"select data from template_2_sv_count\",\"chartType\":\"Counter\"}', '{\"value\":\"42\"}', 0, 'true', 'false', 'false', 8000, '{\"fontColor\":\"#ffffff\",\"fontSize\":25,\"fontWeight\":\"normal\",\"textAlign\":\"center\",\"thousandth\":true,\"prefix\":{\"title\":\"一季度销售额\",\"fontColor\":\"#73aae5\",\"fontSize\":18,\"fontWeight\":\"normal\"},\"unit\":{\"title\":\"万\",\"fontColor\":\"#73aae5\",\"fontSize\":18,\"fontWeight\":\"normal\"}}', 'false', 180, 45, 1150, 270, 1);
INSERT INTO `view_chart_item` VALUES (2799, 86, '9e860698-6701-41b8-8e0c-61ecbb6ac0e6', 7, '', 'TitleText', '{\"dataSourceType\":\"\",\"database\":\"\",\"fileName\":\"\",\"sql\":\"\",\"x\":\"\",\"name\":\"\"}', '{}', 0, 'true', 'false', 'false', 8000, '{\"title\":\"同比增长\",\"fontColor\":\"#73aae5\",\"fontSize\":18,\"height\":25,\"fontWeight\":\"normal\",\"textAlign\":\"left\"}', 'false', 80, 25, 1150, 315, 1);
INSERT INTO `view_chart_item` VALUES (2800, 86, '7c4d4d79-2445-4108-b1fd-08870ab7c5c0', 8, '计数器', 'Counter', '{\"dataSourceType\":\"DataBase\",\"database\":9,\"value\":\"data\",\"sql\":\"select data from template_2_svg_count\",\"chartType\":\"Counter\"}', '{\"value\":\"67\"}', 0, 'true', 'false', 'false', 8000, '{\"fontColor\":\"#ffffff\",\"fontSize\":25,\"fontWeight\":\"normal\",\"textAlign\":\"center\",\"thousandth\":true,\"prefix\":{\"title\":\"+\",\"fontColor\":\"#ff0000\",\"fontSize\":28,\"fontWeight\":\"normal\"},\"unit\":{\"title\":\"%\",\"fontColor\":\"#ffffff\",\"fontSize\":25,\"fontWeight\":\"normal\"}}', 'false', 110, 30, 1235, 310, 1);
INSERT INTO `view_chart_item` VALUES (2801, 86, '789911e0-73a0-4916-8a73-fee4f77cea55', 9, '', 'TitleText', '{\"dataSourceType\":\"\",\"database\":\"\",\"fileName\":\"\",\"sql\":\"\",\"x\":\"\",\"name\":\"\"}', '{}', 0, 'true', 'false', 'false', 8000, '{\"title\":\"品类销售额占比\",\"fontColor\":\"#73aae5\",\"fontSize\":20,\"height\":25,\"fontWeight\":\"normal\",\"textAlign\":\"left\"}', 'false', 150, 25, 1470, 35, 1);
INSERT INTO `view_chart_item` VALUES (2802, 86, '432ae13b-4b77-4fb8-a48c-8f554d693a50', 10, '', 'PieNormal', '{\"dataSourceType\":\"DataBase\",\"database\":9,\"name\":\"name\",\"value\":\"value\",\"sql\":\"select name,value from template_2_ss_pie\",\"chartType\":\"PieNormal\"}', '{\"source\":[[\"dimension\",\"\"],[\"数码类\",\"371570\"],[\"日用品\",\"296016\"],[\"快消类\",\"161953\"],[\"食品类\",\"125822\"]]}', 0, 'true', 'false', 'false', 8000, '{\"title\":{\"text\":\"普通饼图\",\"x\":\"center\",\"textStyle\":{\"color\":\"#ffffff\"},\"show\":false},\"legend\":{\"show\":true,\"textStyle\":{\"color\":\"#ffffff\"},\"type\":\"plain\",\"orient\":\"horizontal\",\"top\":\"265\",\"left\":\"55\"},\"tooltip\":{\"trigger\":\"item\",\"formatter\":\"{a}<br/>{b}:{c}({d}%)\"},\"series\":[{\"type\":\"pie\",\"center\":[\"50%\",\"50%\"],\"radius\":[0,\"55%\"],\"roseType\":\"radius\",\"label\":{\"show\":false},\"labelLine\":{}}],\"dataset\":{\"source\":[[\"dimension\",\"\"],[\"数码类\",\"371570\"],[\"日用品\",\"296016\"],[\"快消类\",\"161953\"],[\"食品类\",\"125822\"]]},\"color\":[\"#24CBFF\",\"#7760F6\",\"#484CDC\",\"#711D8E\"]}', 'false', 410, 315, 1465, 65, 1);
INSERT INTO `view_chart_item` VALUES (2803, 86, '0179a3c7-a96d-438e-924c-df7e139bfb3a', 11, '', 'TitleText', '{\"dataSourceType\":\"\",\"database\":\"\",\"fileName\":\"\",\"sql\":\"\",\"x\":\"\",\"name\":\"\"}', '{}', 0, 'true', 'false', 'false', 8000, '{\"title\":\"销售品牌排名\",\"fontColor\":\"#73aae5\",\"fontSize\":20,\"height\":25,\"fontWeight\":\"normal\",\"textAlign\":\"left\"}', 'false', 150, 25, 1045, 400, 1);
INSERT INTO `view_chart_item` VALUES (2804, 86, '3f84522d-8c2a-4fca-a4ea-bd085cd40200', 12, '', 'HistogramNormal', '{\"dataSourceType\":\"DataBase\",\"database\":9,\"dimension\":\"无\",\"name\":\"x\",\"value\":\"y\",\"sql\":\"select * from template_2_sbr_histogram\",\"chartType\":\"HistogramNormal\"}', '{\"source\":[[\"dimension\"],[\"三星\",\"641731\"],[\"vivo\",\"775032\"],[\"oppo\",\"802838\"],[\"华为\",\"954719\"],[\"小米\",\"1281971\"],[\"iPhone\",\"1570755\"]]}', 0, 'true', 'false', 'false', 8000, '{\"title\":{\"text\":\"标准柱状图\",\"left\":\"center\",\"textStyle\":{\"color\":\"#fff\"},\"show\":false},\"legend\":{\"show\":false},\"grid\":{\"left\":\"15%\",\"top\":\"10%\",\"right\":\"5%\",\"bottom\":\"10%\"},\"xAxis\":{\"show\":true,\"type\":\"value\",\"axisLine\":{\"show\":true,\"lineStyle\":{\"color\":\"#ffffff\"}},\"axisLabel\":{\"show\":true,\"color\":\"#ffffff\"},\"axisTick\":{\"show\":false},\"splitLine\":{\"show\":false,\"lineStyle\":{\"color\":[\"#cccccc\"]}}},\"yAxis\":{\"axisLine\":{\"show\":true,\"lineStyle\":{\"color\":\"#ffffff\"}},\"axisLabel\":{\"show\":true,\"color\":\"#ffffff\"},\"axisTick\":{\"show\":false},\"splitLine\":{\"show\":false,\"lineStyle\":{\"color\":[\"#cccccc\"]}},\"type\":\"category\"},\"series\":[{\"type\":\"bar\",\"itemStyle\":{\"borderRadius\":[80,80,80,80]},\"barWidth\":\"40%\"}],\"dataset\":{\"source\":[[\"dimension\"],[\"三星\",\"641731\"],[\"vivo\",\"775032\"],[\"oppo\",\"802838\"],[\"华为\",\"954719\"],[\"小米\",\"1281971\"],[\"iPhone\",\"1570755\"]]},\"color\":[\"#24CBFF\"]}', 'false', 410, 285, 1040, 430, 1);
INSERT INTO `view_chart_item` VALUES (2805, 86, '25116324-42a6-46cf-98f3-34567042ff75', 13, '', 'TitleText', '{\"dataSourceType\":\"\",\"database\":\"\",\"fileName\":\"\",\"sql\":\"\",\"x\":\"\",\"name\":\"\"}', '{}', 0, 'true', 'false', 'false', 8000, '{\"title\":\"城市销售额排名\",\"fontColor\":\"#73aae5\",\"fontSize\":20,\"height\":25,\"fontWeight\":\"normal\",\"textAlign\":\"left\"}', 'false', 150, 25, 1470, 400, 1);
INSERT INTO `view_chart_item` VALUES (2806, 86, 'f3a51f1d-8b65-4345-b035-179a7234d109', 14, '', 'HistogramNormal', '{\"dataSourceType\":\"DataBase\",\"database\":9,\"dimension\":\"无\",\"name\":\"x\",\"value\":\"y\",\"sql\":\"select * from template_2_sr_histogram\",\"chartType\":\"HistogramNormal\"}', '{\"source\":[[\"dimension\"],[\"北京\",\"1339783\"],[\"上海\",\"1394842\"],[\"杭州\",\"786996\"],[\"深圳\",\"550908\"],[\"广州\",\"612633\"],[\"连云港\",\"668681\"]]}', 0, 'true', 'false', 'false', 8000, '{\"title\":{\"text\":\"标准柱状图\",\"left\":\"center\",\"textStyle\":{\"color\":\"#fff\"},\"show\":false},\"legend\":{\"show\":false},\"grid\":{\"left\":\"20%\",\"top\":\"10%\",\"right\":\"5%\",\"bottom\":\"10%\"},\"xAxis\":{\"show\":true,\"type\":\"category\",\"axisLine\":{\"show\":true,\"lineStyle\":{\"color\":\"#ffffff\"}},\"axisLabel\":{\"show\":true,\"color\":\"#ffffff\"},\"axisTick\":{\"show\":false},\"splitLine\":{\"show\":false,\"lineStyle\":{\"color\":[\"#cccccc\"]}}},\"yAxis\":{\"axisLine\":{\"show\":true,\"lineStyle\":{\"color\":\"#ffffff\"}},\"axisLabel\":{\"show\":true,\"color\":\"#ffffff\"},\"axisTick\":{\"show\":false},\"splitLine\":{\"show\":false,\"lineStyle\":{\"color\":[\"#cccccc\"]}}},\"series\":[{\"type\":\"bar\",\"itemStyle\":{\"borderRadius\":[80,80,80,80]},\"barWidth\":\"35%\"}],\"dataset\":{\"source\":[[\"dimension\"],[\"北京\",\"1339783\"],[\"上海\",\"1394842\"],[\"杭州\",\"786996\"],[\"深圳\",\"550908\"],[\"广州\",\"612633\"],[\"连云港\",\"668681\"]]},\"color\":[\"#24CBFF\"]}', 'false', 410, 235, 1465, 430, 1);
INSERT INTO `view_chart_item` VALUES (2807, 86, '0472374b-fd79-413a-9ed8-97064138e662', 15, '', 'TitleText', '{\"dataSourceType\":\"\",\"database\":\"\",\"fileName\":\"\",\"sql\":\"\",\"x\":\"\",\"name\":\"\"}', '{}', 0, 'true', 'false', 'false', 8000, '{\"title\":\"品牌分布\",\"fontColor\":\"#73aae5\",\"fontSize\":20,\"height\":25,\"fontWeight\":\"normal\",\"textAlign\":\"left\"}', 'false', 100, 25, 1045, 725, 1);
INSERT INTO `view_chart_item` VALUES (2808, 86, '5850e035-9f95-45f4-a7d5-d688e54367c9', 16, '', 'PictorialBar', '{\"dataSourceType\":\"DataBase\",\"database\":9,\"dimension\":\"无\",\"name\":\"x\",\"value\":\"y\",\"sql\":\"select * from template_2_bd_histogram\",\"chartType\":\"PictorialBar\"}', '{\"source\":[[\"dimension\"],[\"苹果\",\"9896\"],[\"三星\",\"8663\"],[\"华为\",\"7458\"],[\"oppo\",\"9102\"],[\"vivo\",\"5114\"],[\"小米\",\"8722\"]]}', 0, 'true', 'false', 'false', 8000, '{\"title\":{\"text\":\"象形柱状图\",\"left\":\"center\",\"textStyle\":{\"color\":\"#fff\"},\"show\":false},\"legend\":{\"show\":false},\"grid\":{\"left\":\"10%\",\"top\":\"10%\",\"right\":\"10%\",\"bottom\":\"10%\"},\"xAxis\":{\"show\":true,\"type\":\"category\",\"axisLine\":{\"show\":false,\"lineStyle\":{\"color\":\"#ffffff\"}},\"axisLabel\":{\"show\":true,\"color\":\"#ffffff\"},\"axisTick\":{\"show\":false},\"splitLine\":{\"show\":false,\"lineStyle\":{\"color\":[\"#cccccc\"]}}},\"yAxis\":{\"axisLine\":{\"show\":true,\"lineStyle\":{\"color\":\"#ffffff\"}},\"axisLabel\":{\"show\":true,\"color\":\"#ffffff\"},\"axisTick\":{\"show\":false},\"splitLine\":{\"show\":false,\"lineStyle\":{\"color\":[\"#cccccc\"]}},\"show\":false},\"series\":[{\"type\":\"pictorialBar\",\"itemStyle\":{\"opacity\":0.7},\"barCategoryGap\":\"-130%\",\"symbol\":\"path://M0,10 L10,10 C5.5,10 5.5,5 5,0 C4.5,5 4.5,10 0,10 z\"}],\"dataset\":{\"source\":[[\"dimension\"],[\"苹果\",\"9896\"],[\"三星\",\"8663\"],[\"华为\",\"7458\"],[\"oppo\",\"9102\"],[\"vivo\",\"5114\"],[\"小米\",\"8722\"]]},\"color\":[\"#24CBFF\"]}', 'false', 410, 275, 1040, 755, 1);
INSERT INTO `view_chart_item` VALUES (2809, 86, 'c0e58793-203d-4c6b-9519-871ace86d096', 17, '', 'TitleText', '{\"dataSourceType\":\"\",\"database\":\"\",\"fileName\":\"\",\"sql\":\"\",\"x\":\"\",\"name\":\"\"}', '{}', 0, 'true', 'false', 'false', 8000, '{\"title\":\"核心城市销售增长额\",\"fontColor\":\"#73aae5\",\"fontSize\":20,\"height\":25,\"fontWeight\":\"normal\",\"textAlign\":\"left\"}', 'false', 200, 25, 1470, 690, 1);
INSERT INTO `view_chart_item` VALUES (2810, 86, '4df4288d-4168-4aec-b37b-6a2aa0221667', 18, '', 'LineNormal', '{\"dataSourceType\":\"DataBase\",\"database\":9,\"dimension\":\"legend\",\"name\":\"x\",\"value\":\"y\",\"sql\":\"select * from template_2_sg_line\",\"chartType\":\"LineNormal\"}', '{\"source\":[[\"dimension\",\"北京\",\"上海\"],[\"2014\",\"883192\",\"710627\"],[\"2015\",\"643885\",\"358548\"],[\"2016\",\"658223\",\"707107\"],[\"2017\",\"521328\",\"316168\"],[\"2018\",\"833451\",\"485196\"]]}', 0, 'true', 'false', 'false', 8000, '{\"title\":{\"show\":false,\"text\":\"标准折线图\",\"left\":\"center\",\"textStyle\":{\"color\":\"#ffffff\"}},\"legend\":{\"show\":false},\"grid\":{\"left\":\"5%\",\"top\":\"5%\",\"right\":\"5%\",\"bottom\":\"10%\"},\"xAxis\":{\"show\":true,\"type\":\"category\",\"axisLine\":{\"show\":true,\"lineStyle\":{\"color\":\"#ffffff\"}},\"axisLabel\":{\"show\":true,\"color\":\"#ffffff\"},\"axisTick\":{\"show\":false},\"splitLine\":{\"show\":false,\"lineStyle\":{\"color\":[\"#cccccc\"]}}},\"yAxis\":{\"axisLine\":{\"show\":true,\"lineStyle\":{\"color\":\"#ffffff\"}},\"axisLabel\":{\"show\":true,\"color\":\"#ffffff\"},\"axisTick\":{\"show\":false},\"splitLine\":{\"show\":false,\"lineStyle\":{\"color\":[\"#cccccc\"]}},\"show\":false},\"series\":[{\"type\":\"line\",\"lineStyle\":{}},{\"type\":\"line\",\"lineStyle\":{}}],\"dataset\":{\"source\":[[\"dimension\",\"北京\",\"上海\"],[\"2014\",\"883192\",\"710627\"],[\"2015\",\"643885\",\"358548\"],[\"2016\",\"658223\",\"707107\"],[\"2017\",\"521328\",\"316168\"],[\"2018\",\"833451\",\"485196\"]]},\"color\":[\"#24CBFF\",\"#7760F6\"]}', 'false', 405, 310, 1470, 725, 1);
INSERT INTO `view_chart_item` VALUES (2811, 87, 'a3564370-ff41-4c99-b76e-b43b1d8ff2ac', 0, '', 'TitleText', '{\"dataSourceType\":\"\",\"database\":\"\",\"fileName\":\"\",\"sql\":\"\",\"x\":\"\",\"name\":\"\"}', '{}', 0, 'true', 'false', 'false', 8000, '{\"title\":\"云计算服务监控\",\"fontColor\":\"#ffffff\",\"fontSize\":40,\"height\":50,\"fontWeight\":\"normal\",\"textAlign\":\"center\"}', 'false', 400, 50, 755, 40, 1);
INSERT INTO `view_chart_item` VALUES (2812, 87, '80472a8e-d362-4572-83f1-ad7b9c40e715', 1, '', 'TitleText', '{\"dataSourceType\":\"\",\"database\":\"\",\"fileName\":\"\",\"sql\":\"\",\"x\":\"\",\"name\":\"\"}', '{}', 0, 'true', 'false', 'false', 8000, '{\"title\":\"任务总量\",\"fontColor\":\"#ffffff\",\"fontSize\":20,\"height\":30,\"fontWeight\":\"normal\",\"textAlign\":\"left\"}', 'false', 100, 30, 100, 120, 1);
INSERT INTO `view_chart_item` VALUES (2813, 87, 'd4cd316e-741e-4f29-ae3e-ee7890979b1b', 2, '', 'LineArea', '{\"dataSourceType\":\"DataBase\",\"database\":9,\"dimension\":\"legend\",\"name\":\"x\",\"value\":\"y\",\"sql\":\"select x,y,legend from template_3_tta_line\",\"chartType\":\"LineArea\"}', '{\"source\":[[\"dimension\",\"s1\",\"s2\"],[\"01/01\",\"1160\",\"600\"],[\"02/01\",\"600\",\"800\"],[\"03/01\",\"1800\",\"120\"],[\"04/01\",\"400\",\"1200\"],[\"05/01\",\"1300\",\"200\"],[\"06/01\",\"600\",\"500\"]]}', 0, 'true', 'false', 'false', 8000, '{\"title\":{\"show\":false,\"text\":\"标准折线面积图\",\"left\":\"center\",\"textStyle\":{\"color\":\"#ffffff\"}},\"legend\":{\"show\":false,\"textStyle\":{\"color\":\"#ffffff\"}},\"grid\":{\"left\":\"10%\",\"top\":\"5%\",\"right\":\"5%\",\"bottom\":\"10%\"},\"xAxis\":{\"show\":true,\"type\":\"category\",\"axisLine\":{\"show\":false,\"lineStyle\":{\"color\":\"#ffffff\"}},\"axisLabel\":{\"show\":true,\"color\":\"#ffffff\"},\"axisTick\":{\"show\":false},\"splitLine\":{\"show\":false,\"lineStyle\":{\"color\":[\"#cccccc\"]}},\"splitArea\":{},\"boundaryGap\":false},\"yAxis\":{\"axisLine\":{\"show\":false,\"lineStyle\":{\"color\":\"#ffffff\"}},\"axisLabel\":{\"show\":true,\"color\":\"#ffffff\"},\"axisTick\":{\"show\":false},\"splitLine\":{\"show\":false,\"lineStyle\":{\"color\":[\"#cccccc\"]}},\"splitArea\":{},\"show\":true},\"series\":[{\"type\":\"line\",\"lineStyle\":{},\"areaStyle\":{\"color\":\"rgba(0, 200, 220, 0.1)\"},\"smooth\":true,\"showSymbol\":false},{\"type\":\"line\",\"lineStyle\":{},\"areaStyle\":{\"color\":\"rgba(0, 110, 255, 0.1)\"},\"smooth\":true,\"showSymbol\":false}],\"dataset\":{\"source\":[[\"dimension\",\"s1\",\"s2\"],[\"01/01\",\"1160\",\"600\"],[\"02/01\",\"600\",\"800\"],[\"03/01\",\"1800\",\"120\"],[\"04/01\",\"400\",\"1200\"],[\"05/01\",\"1300\",\"200\"],[\"06/01\",\"600\",\"500\"]]},\"color\":[\"#00C8DC\",\"#006EFF\"]}', 'false', 415, 225, 80, 190, 1);
INSERT INTO `view_chart_item` VALUES (2814, 87, '19f592bf-1ff0-4816-92e2-116bdf7ee630', 3, '', 'TitleText', '{\"dataSourceType\":\"\",\"database\":\"\",\"fileName\":\"\",\"sql\":\"\",\"x\":\"\",\"name\":\"\"}', '{}', 0, 'true', 'false', 'false', 8000, '{\"title\":\"云计算趋势\",\"fontColor\":\"#ffffff\",\"fontSize\":20,\"height\":30,\"fontWeight\":\"normal\",\"textAlign\":\"left\"}', 'false', 120, 30, 590, 120, 1);
INSERT INTO `view_chart_item` VALUES (2815, 87, '061469ec-5a96-45ca-afe1-7943e7d144ac', 4, '', 'HistogramNormal', '{\"dataSourceType\":\"DataBase\",\"database\":9,\"dimension\":\"legend\",\"name\":\"x\",\"value\":\"y\",\"sql\":\"select * from template_3_cctt_bar UNION select * from template_3_cctt_line\",\"chartType\":\"HistogramNormal\"}', '{\"source\":[[\"dimension\",\"bar\",\"line\"],[\"01/01\",\"40\",\"60\"],[\"02/01\",\"20\",\"100\"],[\"03/01\",\"70\",\"90\"],[\"04/01\",\"100\",\"140\"],[\"05/01\",\"40\",\"80\"],[\"06/01\",\"20\",\"50\"],[\"07/01\",\"30\",\"100\"],[\"08/01\",\"45\",\"90\"],[\"09/01\",\"120\",\"150\"],[\"10/01\",\"60\",\"80\"],[\"11/01\",\"50\",\"90\"],[\"12/01\",\"15\",\"50\"]]}', 0, 'true', 'false', 'false', 8000, '{\"title\":{\"text\":\"标准柱状图\",\"left\":\"center\",\"textStyle\":{\"color\":\"#fff\"},\"show\":false},\"legend\":{\"show\":false,\"textStyle\":{\"color\":\"#ffffff\"}},\"grid\":{\"left\":\"10\",\"top\":\"5%\",\"right\":\"10\",\"bottom\":\"10%\"},\"xAxis\":{\"show\":true,\"type\":\"category\",\"axisLine\":{\"show\":true,\"lineStyle\":{\"color\":\"#ffffff\"}},\"axisLabel\":{\"show\":true,\"color\":\"#ffffff\"},\"axisTick\":{\"show\":false},\"splitLine\":{\"show\":false,\"lineStyle\":{\"color\":[\"#cccccc\"]}},\"splitArea\":{}},\"yAxis\":{\"axisLine\":{\"show\":true,\"lineStyle\":{\"color\":\"#ffffff\"}},\"axisLabel\":{\"show\":true,\"color\":\"#ffffff\"},\"axisTick\":{\"show\":false},\"splitLine\":{\"show\":false,\"lineStyle\":{\"color\":[\"#cccccc\"]}},\"splitArea\":{},\"show\":false},\"series\":[{\"type\":\"bar\",\"itemStyle\":{\"borderRadius\":[0,0,0,0]},\"barWidth\":\"35%\"},{\"type\":\"line\",\"itemStyle\":{\"borderRadius\":[0,0,0,0]}}],\"dataset\":{\"source\":[[\"dimension\",\"bar\",\"line\"],[\"01/01\",\"40\",\"60\"],[\"02/01\",\"20\",\"100\"],[\"03/01\",\"70\",\"90\"],[\"04/01\",\"100\",\"140\"],[\"05/01\",\"40\",\"80\"],[\"06/01\",\"20\",\"50\"],[\"07/01\",\"30\",\"100\"],[\"08/01\",\"45\",\"90\"],[\"09/01\",\"120\",\"150\"],[\"10/01\",\"60\",\"80\"],[\"11/01\",\"50\",\"90\"],[\"12/01\",\"15\",\"50\"]]},\"color\":[\"#006EFF\",\"#6E3CFF\"]}', 'false', 795, 250, 570, 170, 1);
INSERT INTO `view_chart_item` VALUES (2816, 87, 'db3c0eda-f05b-4be5-b6e4-a58e61d3f80b', 5, '', 'TitleText', '{\"dataSourceType\":\"\",\"database\":\"\",\"fileName\":\"\",\"sql\":\"\",\"x\":\"\",\"name\":\"\"}', '{}', 0, 'true', 'false', 'false', 8000, '{\"title\":\"云计算总资源\",\"fontColor\":\"#ffffff\",\"fontSize\":20,\"height\":30,\"fontWeight\":\"normal\",\"textAlign\":\"left\"}', 'false', 150, 30, 1450, 120, 1);
INSERT INTO `view_chart_item` VALUES (2817, 87, '226bf5cb-83f8-424e-94ec-b6070410f29c', 6, '', 'LineNormal', '{\"dataSourceType\":\"DataBase\",\"database\":9,\"dimension\":\"legend\",\"name\":\"x\",\"value\":\"y\",\"sql\":\"select * from template_3_tccr_line\",\"chartType\":\"LineNormal\"}', '{\"source\":[[\"dimension\",\"s1\",\"s2\"],[\"01/01\",\"1160\",\"600\"],[\"02/01\",\"600\",\"800\"],[\"03/01\",\"1800\",\"120\"],[\"04/01\",\"400\",\"1200\"],[\"05/01\",\"1300\",\"200\"],[\"06/01\",\"600\",\"500\"]]}', 0, 'true', 'false', 'false', 8000, '{\"title\":{\"show\":false,\"text\":\"标准折线图\",\"left\":\"center\",\"textStyle\":{\"color\":\"#ffffff\"}},\"legend\":{\"show\":false,\"textStyle\":{\"color\":\"#ffffff\"}},\"grid\":{\"left\":\"10%\",\"top\":\"5%\",\"right\":\"\",\"bottom\":\"10%\"},\"xAxis\":{\"show\":true,\"type\":\"category\",\"axisLine\":{\"show\":true,\"lineStyle\":{\"color\":\"#ffffff\"}},\"axisLabel\":{\"show\":true,\"color\":\"#ffffff\"},\"axisTick\":{\"show\":false},\"splitLine\":{\"show\":false,\"lineStyle\":{\"color\":[\"#cccccc\"]}},\"splitArea\":{}},\"yAxis\":{\"axisLine\":{\"show\":true,\"lineStyle\":{\"color\":\"#ffffff\"}},\"axisLabel\":{\"show\":true,\"color\":\"#ffffff\"},\"axisTick\":{\"show\":false},\"splitLine\":{\"show\":false,\"lineStyle\":{\"color\":[\"#cccccc\"]}},\"splitArea\":{}},\"series\":[{\"type\":\"line\",\"lineStyle\":{}},{\"type\":\"line\",\"lineStyle\":{}}],\"dataset\":{\"source\":[[\"dimension\",\"s1\",\"s2\"],[\"01/01\",\"1160\",\"600\"],[\"02/01\",\"600\",\"800\"],[\"03/01\",\"1800\",\"120\"],[\"04/01\",\"400\",\"1200\"],[\"05/01\",\"1300\",\"200\"],[\"06/01\",\"600\",\"500\"]]},\"color\":[\"#00C8DC\",\"#006EFF\"]}', 'false', 400, 225, 1430, 190, 1);
INSERT INTO `view_chart_item` VALUES (2818, 87, 'ff98f0a0-3e90-4b90-aaa6-0e903ecbc0a0', 7, '', 'TitleText', '{\"dataSourceType\":\"\",\"database\":\"\",\"fileName\":\"\",\"sql\":\"\",\"x\":\"\",\"name\":\"\"}', '{}', 0, 'true', 'false', 'false', 8000, '{\"title\":\"任务分布\",\"fontColor\":\"#ffffff\",\"fontSize\":20,\"height\":30,\"fontWeight\":\"normal\",\"textAlign\":\"left\"}', 'false', 100, 30, 100, 450, 1);
INSERT INTO `view_chart_item` VALUES (2819, 87, '5fac2ee0-4422-477d-b804-dedf3fa72b11', 8, '', 'RadarNormal', '{\"dataSourceType\":\"DataBase\",\"database\":9,\"name\":\"name\",\"value\":\"value\",\"max\":\"max\",\"dimension\":\"legend\",\"sql\":\"select * from template_3_td_radar\",\"chartType\":\"RadarNormal\"}', '{\"data\":[{\"name\":\"s1\",\"value\":[\"80\",\"50\",\"100\",\"60\",\"40\",\"50\"]},{\"name\":\"s2\",\"value\":[\"150\",\"180\",\"170\",\"120\",\"140\",\"110\"]}],\"indicator\":[{\"max\":\"200\",\"name\":\"A\"},{\"max\":\"200\",\"name\":\"B\"},{\"max\":\"200\",\"name\":\"C\"},{\"max\":\"200\",\"name\":\"D\"},{\"max\":\"200\",\"name\":\"E\"},{\"max\":\"200\",\"name\":\"F\"}]}', 0, 'true', 'false', 'false', 8000, '{\"title\":{\"show\":false,\"text\":\"标准雷达图\",\"left\":\"center\",\"textStyle\":{\"color\":\"#ffffff\"}},\"legend\":{\"show\":false,\"textStyle\":{\"color\":\"#ffffff\"}},\"radar\":{\"indicator\":[{\"max\":\"200\",\"name\":\"A\"},{\"max\":\"200\",\"name\":\"B\"},{\"max\":\"200\",\"name\":\"C\"},{\"max\":\"200\",\"name\":\"D\"},{\"max\":\"200\",\"name\":\"E\"},{\"max\":\"200\",\"name\":\"F\"}],\"center\":[\"50%\",\"50%\"],\"radius\":[0,\"70\"],\"axisLine\":{},\"axisLabel\":{},\"axisTick\":{},\"splitLine\":{},\"splitArea\":{\"show\":false},\"splitNumber\":3},\"series\":[{\"type\":\"radar\",\"itemStyle\":{},\"lineStyle\":{},\"data\":[{\"name\":\"s1\",\"value\":[\"80\",\"50\",\"100\",\"60\",\"40\",\"50\"]},{\"name\":\"s2\",\"value\":[\"150\",\"180\",\"170\",\"120\",\"140\",\"110\"]}],\"symbol\":\"none\"}],\"color\":[\"#FF5A32\",\"#006EFF\"]}', 'false', 180, 200, 80, 510, 1);
INSERT INTO `view_chart_item` VALUES (2820, 87, 'a7efe6d5-0a97-4b41-81e6-fd7c691b0070', 9, '', 'TitleText', '{\"dataSourceType\":\"\",\"database\":\"\",\"fileName\":\"\",\"sql\":\"\",\"x\":\"\",\"name\":\"\"}', '{}', 0, 'true', 'false', 'false', 8000, '{\"title\":\"任务成功\",\"fontColor\":\"#ffffff\",\"fontSize\":20,\"height\":30,\"fontWeight\":\"normal\",\"textAlign\":\"left\"}', 'false', 100, 30, 325, 450, 1);
INSERT INTO `view_chart_item` VALUES (2821, 87, 'e464a461-6102-4555-a443-dbbeb2c282d2', 10, '', 'PieNormal', '{\"dataSourceType\":\"DataBase\",\"database\":9,\"name\":\"name\",\"value\":\"value\",\"sql\":\"select * from template_3_ts_pie_new\",\"chartType\":\"PieNormal\"}', '{\"source\":[[\"dimension\",\"\"],[\"成功\",\"62\"],[\"未成功\",\"38\"]]}', 0, 'true', 'false', 'false', 8000, '{\"title\":{\"text\":\"62%\",\"x\":\"center\",\"textStyle\":{\"color\":\"#98a0c4\"},\"show\":true,\"left\":\"center\",\"top\":\"center\"},\"legend\":{\"show\":false,\"textStyle\":{\"color\":\"#ffffff\"}},\"tooltip\":{\"trigger\":\"item\",\"formatter\":\"{a}<br/>{b}:{c}({d}%)\"},\"series\":[{\"type\":\"pie\",\"center\":[\"50%\",\"50%\"],\"radius\":[\"70%\",\"85%\"],\"roseType\":false,\"label\":{\"show\":false},\"labelLine\":{}}],\"dataset\":{\"source\":[[\"dimension\",\"\"],[\"成功\",\"62\"],[\"未成功\",\"38\"]]},\"color\":[\"#7760F6\",\"#2C345C\"]}', 'false', 180, 200, 310, 510, 1);
INSERT INTO `view_chart_item` VALUES (2822, 87, '4966a2b8-0982-4421-9b44-199bbd82141c', 11, '', 'TitleText', '{\"dataSourceType\":\"\",\"database\":\"\",\"fileName\":\"\",\"sql\":\"\",\"x\":\"\",\"name\":\"\"}', '{}', 0, 'true', 'false', 'false', 8000, '{\"title\":\"任务管理\",\"fontColor\":\"#ffffff\",\"fontSize\":20,\"height\":30,\"fontWeight\":\"normal\",\"textAlign\":\"left\"}', 'false', 100, 30, 590, 450, 1);
INSERT INTO `view_chart_item` VALUES (2823, 87, 'ab59f53e-d3d7-45b9-8a88-856f3cfa89fc', 12, '轮播列表', 'CarouselList', '{\"dataSourceType\":\"DataBase\",\"database\":9,\"sql\":\"select * from template_3_tm_list\",\"chartType\":\"CarouselList\"}', '{\"body\":[[\"2016-09\",\"100.2\",\"101.6\"],[\"2016-10\",\"101.7\",\"103.3\"],[\"2016-11\",\"104.5\",\"104.6\"],[\"2016-12\",\"106.8\",\"103.5\"],[\"2017-01\",\"108.5\",\"104.5\"],[\"2017-02\",\"109.3\",\"100.1\"],[\"2017-03\",\"108.4\",\"97.7\"],[\"2017-04\",\"106.8\",\"97.2\"],[\"2017-05\",\"106.2\",\"97\"],[\"2017-06\",\"106.1\",\"98.2\"],[\"2017-07\",\"105.8\",\"98.7\"],[\"2017-08\",\"106.7\",\"99.8\"],[\"2017-09\",\"100\",\"120\"]],\"header\":[\"name\",\"value1\",\"value2\"]}', 0, 'true', 'false', 'false', 8000, '{\"header\":{\"show\":true,\"height\":40,\"fontColor\":\"#ffffff\",\"fontSize\":15,\"data\":[{\"width\":\"150px\",\"label\":\"时间\"},{\"width\":\"120px\",\"label\":\"任务1\"},{\"width\":\"120px\",\"label\":\"任务2\"}]},\"body\":{\"height\":40,\"fontColor\":\"#E2E2E2\",\"fontSize\":15,\"speed\":3,\"rowNum\":12,\"data\":[[\"2016-09\",\"100.2\",\"101.6\"],[\"2016-10\",\"101.7\",\"103.3\"],[\"2016-11\",\"104.5\",\"104.6\"],[\"2016-12\",\"106.8\",\"103.5\"],[\"2017-01\",\"108.5\",\"104.5\"],[\"2017-02\",\"109.3\",\"100.1\"],[\"2017-03\",\"108.4\",\"97.7\"],[\"2017-04\",\"106.8\",\"97.2\"],[\"2017-05\",\"106.2\",\"97\"],[\"2017-06\",\"106.1\",\"98.2\"],[\"2017-07\",\"105.8\",\"98.7\"],[\"2017-08\",\"106.7\",\"99.8\"],[\"2017-09\",\"100\",\"120\"]]}}', 'false', 400, 530, 550, 500, 1);
INSERT INTO `view_chart_item` VALUES (2824, 87, '384859b4-ee19-4b75-88ec-1fd449c07606', 13, '', 'TitleText', '{\"dataSourceType\":\"\",\"database\":\"\",\"fileName\":\"\",\"sql\":\"\",\"x\":\"\",\"name\":\"\"}', '{}', 0, 'true', 'false', 'false', 8000, '{\"title\":\"平均容量\",\"fontColor\":\"#ffffff\",\"fontSize\":20,\"height\":30,\"fontWeight\":\"normal\",\"textAlign\":\"left\"}', 'false', 100, 30, 1015, 450, 1);
INSERT INTO `view_chart_item` VALUES (2825, 87, 'd678e956-c62a-450d-8fd0-2bd992554d94', 14, '', 'HistogramNormal', '{\"dataSourceType\":\"DataBase\",\"database\":9,\"dimension\":\"legend\",\"name\":\"x\",\"value\":\"y\",\"sql\":\"select * from template_3_ac_histogram\",\"chartType\":\"HistogramNormal\"}', '{\"source\":[[\"dimension\",\"data1\",\"data2\"],[\"02/02\",\"80\",\"50\"],[\"02/03\",\"50\",\"150\"],[\"02/04\",\"160\",\"120\"],[\"02/05\",\"120\",\"190\"],[\"02/06\",\"40\",\"140\"]]}', 0, 'true', 'false', 'false', 8000, '{\"title\":{\"text\":\"标准柱状图\",\"left\":\"center\",\"textStyle\":{\"color\":\"#fff\"},\"show\":false},\"legend\":{\"show\":false,\"textStyle\":{\"color\":\"#ffffff\"}},\"grid\":{\"left\":\"10%\",\"top\":\"5%\",\"right\":\"\",\"bottom\":\"10%\"},\"xAxis\":{\"show\":true,\"type\":\"category\",\"axisLine\":{\"show\":true,\"lineStyle\":{\"color\":\"#ffffff\"}},\"axisLabel\":{\"show\":true,\"color\":\"#ffffff\"},\"axisTick\":{\"show\":false},\"splitLine\":{\"show\":false,\"lineStyle\":{\"color\":[\"#cccccc\"]}},\"splitArea\":{}},\"yAxis\":{\"axisLine\":{\"show\":false,\"lineStyle\":{\"color\":\"#ffffff\"}},\"axisLabel\":{\"show\":true,\"color\":\"#ffffff\"},\"axisTick\":{\"show\":false},\"splitLine\":{\"show\":false,\"lineStyle\":{\"color\":[\"#cccccc\"]}},\"splitArea\":{},\"show\":true},\"series\":[{\"type\":\"bar\",\"itemStyle\":{\"borderRadius\":[0,0,0,0]}},{\"type\":\"bar\",\"itemStyle\":{\"borderRadius\":[0,0,0,0]}}],\"dataset\":{\"source\":[[\"dimension\",\"data1\",\"data2\"],[\"02/02\",\"80\",\"50\"],[\"02/03\",\"50\",\"150\"],[\"02/04\",\"160\",\"120\"],[\"02/05\",\"120\",\"190\"],[\"02/06\",\"40\",\"140\"]]},\"color\":[\"#006EFF\",\"#00C8DC\"]}', 'false', 365, 225, 1000, 500, 1);
INSERT INTO `view_chart_item` VALUES (2826, 87, '75ddb183-cec7-4352-b1ed-57bc79fe0abf', 15, '', 'TitleText', '{\"dataSourceType\":\"\",\"database\":\"\",\"fileName\":\"\",\"sql\":\"\",\"x\":\"\",\"name\":\"\"}', '{}', 0, 'true', 'false', 'false', 8000, '{\"title\":\"CPU利用率\",\"fontColor\":\"#ffffff\",\"fontSize\":20,\"height\":30,\"fontWeight\":\"normal\",\"textAlign\":\"left\"}', 'false', 120, 30, 1450, 450, 1);
INSERT INTO `view_chart_item` VALUES (2827, 87, '2562f645-8376-4dd3-91ab-2c60891a8279', 16, '', 'PieNormal', '{\"dataSourceType\":\"DataBase\",\"database\":9,\"name\":\"name\",\"value\":\"value\",\"sql\":\"select * from template_3_cpuur_pie_new\",\"chartType\":\"PieNormal\"}', '{\"source\":[[\"dimension\",\"\"],[\"利用\",\"60\"],[\"未利用\",\"40\"]]}', 0, 'true', 'false', 'false', 8000, '{\"title\":{\"text\":\"60%\",\"x\":\"center\",\"textStyle\":{\"color\":\"#98a0c4\"},\"show\":true,\"left\":\"center\",\"top\":\"center\"},\"legend\":{\"show\":false,\"textStyle\":{\"color\":\"#ffffff\"}},\"tooltip\":{\"trigger\":\"item\",\"formatter\":\"{a}<br/>{b}:{c}({d}%)\"},\"series\":[{\"type\":\"pie\",\"center\":[\"50%\",\"50%\"],\"radius\":[\"60%\",\"75%\"],\"roseType\":false,\"label\":{\"show\":false},\"labelLine\":{}}],\"dataset\":{\"source\":[[\"dimension\",\"\"],[\"利用\",\"60\"],[\"未利用\",\"40\"]]},\"color\":[\"#00C8DC\",\"#2C345C\"]}', 'false', 400, 240, 1430, 500, 1);
INSERT INTO `view_chart_item` VALUES (2828, 87, 'ba808573-425e-4ab8-a4db-baee824ae06b', 17, '', 'TitleText', '{\"dataSourceType\":\"\",\"database\":\"\",\"fileName\":\"\",\"sql\":\"\",\"x\":\"\",\"name\":\"\"}', '{}', 0, 'true', 'false', 'false', 8000, '{\"title\":\"任务完成率\",\"fontColor\":\"#ffffff\",\"fontSize\":20,\"height\":30,\"fontWeight\":\"normal\",\"textAlign\":\"left\"}', 'false', 120, 30, 100, 750, 1);
INSERT INTO `view_chart_item` VALUES (2829, 87, '579817cd-d8db-433b-a6c5-304f6d1107b0', 18, '', 'LineArea', '{\"dataSourceType\":\"DataBase\",\"database\":9,\"dimension\":\"legend\",\"name\":\"x\",\"value\":\"y\",\"sql\":\"select x,y,legend from template_3_tcr_line\",\"chartType\":\"LineArea\"}', '{\"source\":[[\"dimension\",\"s1\",\"s2\"],[\"A\",\"1200\",\"150\"],[\"B\",\"1100\",\"300\"],[\"C\",\"1700\",\"700\"],[\"D\",\"900\",\"400\"],[\"E\",\"1200\",\"500\"],[\"F\",\"800\",\"300\"],[\"G\",\"700\",\"300\"]]}', 0, 'true', 'false', 'false', 8000, '{\"title\":{\"show\":false,\"text\":\"标准折线面积图\",\"left\":\"center\",\"textStyle\":{\"color\":\"#ffffff\"}},\"legend\":{\"show\":false,\"textStyle\":{\"color\":\"#ffffff\"}},\"grid\":{\"left\":\"10%\",\"top\":\"5%\",\"right\":\"5%\",\"bottom\":\"10%\"},\"xAxis\":{\"show\":true,\"type\":\"category\",\"axisLine\":{\"show\":false,\"lineStyle\":{\"color\":\"#ffffff\"}},\"axisLabel\":{\"show\":true,\"color\":\"#ffffff\"},\"axisTick\":{\"show\":false},\"splitLine\":{\"show\":false,\"lineStyle\":{\"color\":[\"#cccccc\"]}},\"splitArea\":{},\"boundaryGap\":false},\"yAxis\":{\"axisLine\":{\"show\":false,\"lineStyle\":{\"color\":\"#ffffff\"}},\"axisLabel\":{\"show\":true,\"color\":\"#ffffff\"},\"axisTick\":{\"show\":false},\"splitLine\":{\"show\":false,\"lineStyle\":{\"color\":[\"#cccccc\"]}},\"splitArea\":{},\"show\":true},\"series\":[{\"type\":\"line\",\"lineStyle\":{},\"areaStyle\":{\"color\":\"rgba(0, 110, 255, 0.7)\"},\"smooth\":true,\"showSymbol\":false},{\"type\":\"line\",\"lineStyle\":{},\"areaStyle\":{\"color\":\"rgba(0, 200, 220, 0.7)\"},\"smooth\":true,\"showSymbol\":false}],\"dataset\":{\"source\":[[\"dimension\",\"s1\",\"s2\"],[\"A\",\"1200\",\"150\"],[\"B\",\"1100\",\"300\"],[\"C\",\"1700\",\"700\"],[\"D\",\"900\",\"400\"],[\"E\",\"1200\",\"500\"],[\"F\",\"800\",\"300\"],[\"G\",\"700\",\"300\"]]},\"color\":[]}', 'false', 400, 200, 80, 825, 1);
INSERT INTO `view_chart_item` VALUES (2830, 87, 'eda713d9-a5ca-4142-bf4b-c27684cf841e', 19, '', 'TitleText', '{\"dataSourceType\":\"\",\"database\":\"\",\"fileName\":\"\",\"sql\":\"\",\"x\":\"\",\"name\":\"\"}', '{}', 0, 'true', 'false', 'false', 8000, '{\"title\":\"存储容量\",\"fontColor\":\"#ffffff\",\"fontSize\":20,\"height\":30,\"fontWeight\":\"normal\",\"textAlign\":\"left\"}', 'false', 100, 30, 1015, 750, 1);
INSERT INTO `view_chart_item` VALUES (2831, 87, '0ce6f8bb-357a-4280-b5d9-15059d64d637', 20, '', 'HistogramNormal', '{\"dataSourceType\":\"DataBase\",\"database\":9,\"dimension\":\"无\",\"name\":\"x\",\"value\":\"y\",\"sql\":\"select * from template_3_sc_histogram\",\"chartType\":\"HistogramNormal\"}', '{\"source\":[[\"dimension\"],[\"A\",\"80\"],[\"B\",\"50\"],[\"C\",\"160\"],[\"D\",\"120\"],[\"E\",\"40\"]]}', 0, 'true', 'false', 'false', 8000, '{\"title\":{\"text\":\"标准柱状图\",\"left\":\"center\",\"textStyle\":{\"color\":\"#fff\"},\"show\":false},\"legend\":{\"show\":false,\"textStyle\":{\"color\":\"#ffffff\"}},\"grid\":{\"left\":\"5%\",\"top\":\"5%\",\"right\":\"\",\"bottom\":\"5%\"},\"xAxis\":{\"show\":false,\"type\":\"value\",\"axisLine\":{\"show\":true,\"lineStyle\":{\"color\":\"#ffffff\"}},\"axisLabel\":{\"show\":true,\"color\":\"#ffffff\"},\"axisTick\":{\"show\":false},\"splitLine\":{\"show\":false,\"lineStyle\":{\"color\":[\"#cccccc\"]}},\"splitArea\":{}},\"yAxis\":{\"axisLine\":{\"show\":false,\"lineStyle\":{\"color\":\"#ffffff\"}},\"axisLabel\":{\"show\":true,\"color\":\"#ffffff\"},\"axisTick\":{\"show\":false},\"splitLine\":{\"show\":false,\"lineStyle\":{\"color\":[\"#cccccc\"]}},\"splitArea\":{},\"type\":\"category\",\"show\":true},\"series\":[{\"type\":\"bar\",\"itemStyle\":{\"borderRadius\":[0,0,0,0]},\"barWidth\":\"40%\"}],\"dataset\":{\"source\":[[\"dimension\"],[\"A\",\"80\"],[\"B\",\"50\"],[\"C\",\"160\"],[\"D\",\"120\"],[\"E\",\"40\"]]},\"color\":[\"#006EFF\"]}', 'false', 400, 240, 1000, 800, 1);
INSERT INTO `view_chart_item` VALUES (2832, 87, 'e01b6e6a-2aac-44fd-9c7e-c500807c008b', 21, '', 'TitleText', '{\"dataSourceType\":\"\",\"database\":\"\",\"fileName\":\"\",\"sql\":\"\",\"x\":\"\",\"name\":\"\"}', '{}', 0, 'true', 'false', 'false', 8000, '{\"title\":\"内存利用率\",\"fontColor\":\"#ffffff\",\"fontSize\":20,\"height\":30,\"fontWeight\":\"normal\",\"textAlign\":\"left\"}', 'false', 120, 30, 1450, 750, 1);
INSERT INTO `view_chart_item` VALUES (2833, 87, '18f71ea3-4044-47c8-a828-5389950ecffa', 22, '', 'LineArea', '{\"dataSourceType\":\"DataBase\",\"database\":9,\"dimension\":\"无\",\"name\":\"x\",\"value\":\"y\",\"sql\":\"select x,y,legend from template_3_mu_line\",\"chartType\":\"LineArea\"}', '{\"source\":[[\"dimension\"],[\"A\",\"1100\"],[\"B\",\"600\"],[\"C\",\"1800\"],[\"D\",\"400\"],[\"E\",\"1300\"],[\"F\",\"600\"]]}', 0, 'true', 'false', 'false', 8000, '{\"title\":{\"show\":false,\"text\":\"标准折线面积图\",\"left\":\"center\",\"textStyle\":{\"color\":\"#ffffff\"}},\"legend\":{\"show\":false,\"textStyle\":{\"color\":\"#ffffff\"}},\"grid\":{\"left\":\"10%\",\"top\":\"5%\",\"right\":\"5%\",\"bottom\":\"10%\"},\"xAxis\":{\"show\":true,\"type\":\"category\",\"axisLine\":{\"show\":true,\"lineStyle\":{\"color\":\"#ffffff\"}},\"axisLabel\":{\"show\":true,\"color\":\"#ffffff\"},\"axisTick\":{\"show\":false},\"splitLine\":{\"show\":false,\"lineStyle\":{\"color\":[\"#cccccc\"]}},\"splitArea\":{},\"boundaryGap\":false},\"yAxis\":{\"axisLine\":{\"show\":false,\"lineStyle\":{\"color\":\"#ffffff\"}},\"axisLabel\":{\"show\":true,\"color\":\"#ffffff\"},\"axisTick\":{\"show\":false},\"splitLine\":{\"show\":false,\"lineStyle\":{\"color\":[\"#cccccc\"]}},\"splitArea\":{},\"show\":true},\"series\":[{\"type\":\"line\",\"lineStyle\":{},\"areaStyle\":{\"color\":\"rgba(0, 110, 255, 0.14)\"}}],\"dataset\":{\"source\":[[\"dimension\"],[\"A\",\"1100\"],[\"B\",\"600\"],[\"C\",\"1800\"],[\"D\",\"400\"],[\"E\",\"1300\"],[\"F\",\"600\"]]},\"color\":[\"#006EFF\"]}', 'false', 400, 230, 1435, 805, 1);
INSERT INTO `view_chart_item` VALUES (2834, 88, 'f3de7538-cf41-4c52-8382-f94756d0a2c9', 0, '', 'TitleText', '{\"dataSourceType\":\"\",\"database\":\"\",\"fileName\":\"\",\"sql\":\"\",\"x\":\"\",\"name\":\"\"}', '{}', 0, 'true', 'false', 'false', 8000, '{\"title\":\"产品2019年度销售\",\"fontColor\":\"#ffffff\",\"fontSize\":34,\"height\":50,\"fontWeight\":\"normal\",\"textAlign\":\"center\"}', 'false', 300, 50, 810, 25, 1);
INSERT INTO `view_chart_item` VALUES (2835, 88, '36830140-4671-4a23-ae9c-fe9c8a010ebf', 1, '', 'TitleText', '{\"dataSourceType\":\"\",\"database\":\"\",\"fileName\":\"\",\"sql\":\"\",\"x\":\"\",\"name\":\"\"}', '{}', 0, 'true', 'false', 'false', 8000, '{\"title\":\"数据标题\",\"fontColor\":\"#ffffff\",\"fontSize\":20,\"height\":30,\"fontWeight\":\"normal\",\"textAlign\":\"left\"}', 'false', 100, 30, 80, 120, 1);
INSERT INTO `view_chart_item` VALUES (2836, 88, 'e095791f-1ceb-4f52-8feb-9df79747e7eb', 2, '', 'HistogramNormal', '{\"dataSourceType\":\"DataBase\",\"database\":9,\"dimension\":\"无\",\"name\":\"x\",\"value\":\"y\",\"sql\":\"select * from template_4_data1_histogram\",\"chartType\":\"HistogramNormal\"}', '{\"source\":[[\"dimension\"],[\"一月\",\"90\"],[\"二月\",\"40\"],[\"三月\",\"180\"],[\"四月\",\"80\"],[\"五月\",\"120\"]]}', 0, 'true', 'false', 'false', 8000, '{\"title\":{\"text\":\"标准柱状图\",\"left\":\"center\",\"textStyle\":{\"color\":\"#fff\"},\"show\":false},\"legend\":{\"show\":false,\"textStyle\":{\"color\":\"#ffffff\"}},\"grid\":{\"left\":\"10%\",\"top\":\"5%\",\"right\":\"\",\"bottom\":\"10%\"},\"xAxis\":{\"show\":true,\"type\":\"category\",\"axisLine\":{\"show\":true,\"lineStyle\":{\"color\":\"#ffffff\"}},\"axisLabel\":{\"show\":true,\"color\":\"#ffffff\"},\"axisTick\":{\"show\":false},\"splitLine\":{\"show\":false,\"lineStyle\":{\"color\":[\"#cccccc\"]}},\"splitArea\":{}},\"yAxis\":{\"axisLine\":{\"show\":true,\"lineStyle\":{\"color\":\"#ffffff\"}},\"axisLabel\":{\"show\":true,\"color\":\"#ffffff\"},\"axisTick\":{\"show\":false},\"splitLine\":{\"show\":false,\"lineStyle\":{\"color\":[\"#cccccc\"]}},\"splitArea\":{}},\"series\":[{\"type\":\"bar\",\"itemStyle\":{\"borderRadius\":[0,0,0,0]},\"barWidth\":\"40%\"}],\"dataset\":{\"source\":[[\"dimension\"],[\"一月\",\"90\"],[\"二月\",\"40\"],[\"三月\",\"180\"],[\"四月\",\"80\"],[\"五月\",\"120\"]]},\"color\":[\"#00C8DC\"]}', 'false', 316, 200, 80, 190, 1);
INSERT INTO `view_chart_item` VALUES (2837, 88, 'e2a67595-a849-45ed-bf9e-c69b0b90db3e', 3, '', 'TitleText', '{\"dataSourceType\":\"\",\"database\":\"\",\"fileName\":\"\",\"sql\":\"\",\"x\":\"\",\"name\":\"\"}', '{}', 0, 'true', 'false', 'false', 8000, '{\"title\":\"数据标题\",\"fontColor\":\"#ffffff\",\"fontSize\":20,\"height\":30,\"fontWeight\":\"normal\",\"textAlign\":\"left\"}', 'false', 100, 30, 80, 465, 1);
INSERT INTO `view_chart_item` VALUES (2838, 88, 'b59d9e50-16da-46a2-ada4-08b439cbc430', 4, '', 'HistogramNormal', '{\"dataSourceType\":\"DataBase\",\"database\":9,\"dimension\":\"无\",\"name\":\"x\",\"value\":\"y\",\"sql\":\"select * from template_4_data2_histogram\",\"chartType\":\"HistogramNormal\"}', '{\"source\":[[\"dimension\"],[\"一月\",\"80\"],[\"二月\",\"50\"],[\"三月\",\"160\"],[\"四月\",\"120\"]]}', 0, 'true', 'false', 'false', 8000, '{\"title\":{\"text\":\"标准柱状图\",\"left\":\"center\",\"textStyle\":{\"color\":\"#fff\"},\"show\":false},\"legend\":{\"show\":false,\"textStyle\":{\"color\":\"#ffffff\"}},\"grid\":{\"left\":\"10%\",\"top\":\"5%\",\"right\":\"5%\",\"bottom\":\"10%\"},\"xAxis\":{\"show\":true,\"type\":\"value\",\"axisLine\":{\"show\":true,\"lineStyle\":{\"color\":\"#ffffff\"}},\"axisLabel\":{\"show\":true,\"color\":\"#ffffff\"},\"axisTick\":{\"show\":false},\"splitLine\":{\"show\":false,\"lineStyle\":{\"color\":[\"#cccccc\"]}},\"splitArea\":{}},\"yAxis\":{\"axisLine\":{\"show\":true,\"lineStyle\":{\"color\":\"#ffffff\"}},\"axisLabel\":{\"show\":true,\"color\":\"#ffffff\"},\"axisTick\":{\"show\":false},\"splitLine\":{\"show\":false,\"lineStyle\":{\"color\":[\"#cccccc\"]}},\"splitArea\":{},\"type\":\"category\"},\"series\":[{\"type\":\"bar\",\"itemStyle\":{\"borderRadius\":[0,0,0,0]},\"barWidth\":\"40%\"}],\"dataset\":{\"source\":[[\"dimension\"],[\"一月\",\"80\"],[\"二月\",\"50\"],[\"三月\",\"160\"],[\"四月\",\"120\"]]},\"color\":[\"#5F5FFF\"]}', 'false', 315, 200, 80, 530, 1);
INSERT INTO `view_chart_item` VALUES (2839, 88, 'c7d5d9b3-e185-4ec5-a37b-07779d336323', 5, '', 'TitleText', '{\"dataSourceType\":\"\",\"database\":\"\",\"fileName\":\"\",\"sql\":\"\",\"x\":\"\",\"name\":\"\"}', '{}', 0, 'true', 'false', 'false', 8000, '{\"title\":\"数据标题\",\"fontColor\":\"#ffffff\",\"fontSize\":20,\"height\":30,\"fontWeight\":\"normal\",\"textAlign\":\"left\"}', 'false', 100, 30, 80, 795, 1);
INSERT INTO `view_chart_item` VALUES (2840, 88, '4460a98b-da2a-4c60-83a8-f7f592ba567d', 6, '', 'PieNormal', '{\"dataSourceType\":\"DataBase\",\"database\":9,\"name\":\"name\",\"value\":\"value\",\"sql\":\"select name,value from template_4_data3_pie\",\"chartType\":\"PieNormal\"}', '{\"source\":[[\"dimension\",\"\"],[\"500元以下\",\"1800\"],[\"1K~2K元\",\"1200\"],[\"0.5K~1K元\",\"600\"]]}', 0, 'true', 'false', 'false', 8000, '{\"title\":{\"text\":\"普通饼图\",\"x\":\"center\",\"textStyle\":{\"color\":\"#ffffff\"},\"show\":false},\"legend\":{\"show\":false,\"textStyle\":{\"color\":\"#ffffff\"}},\"tooltip\":{\"trigger\":\"item\",\"formatter\":\"{a}<br/>{b}:{c}({d}%)\"},\"series\":[{\"type\":\"pie\",\"center\":[\"50%\",\"50%\"],\"radius\":[\"70%\",\"100%\"],\"roseType\":false,\"label\":{\"show\":false},\"labelLine\":{}}],\"dataset\":{\"source\":[[\"dimension\",\"\"],[\"500元以下\",\"1800\"],[\"1K~2K元\",\"1200\"],[\"0.5K~1K元\",\"600\"]]},\"color\":[\"#006EFF\",\"#5F5FFF\",\"#00C8DC\"]}', 'false', 335, 160, 70, 850, 1);
INSERT INTO `view_chart_item` VALUES (2841, 88, '3c298029-b1f2-42a3-962c-47388b766c2a', 7, '计数器', 'Counter', '{\"dataSourceType\":\"DataBase\",\"database\":9,\"value\":\"data\",\"sql\":\"select data from template_4_data4_sum\",\"chartType\":\"Counter\"}', '{\"value\":\"231620112\"}', 0, 'true', 'false', 'false', 8000, '{\"fontColor\":\"#ffffff\",\"fontSize\":40,\"fontWeight\":\"normal\",\"textAlign\":\"left\",\"thousandth\":true,\"prefix\":{\"title\":\"\",\"fontColor\":\"#ffffff\",\"fontSize\":16,\"fontWeight\":\"normal\"},\"unit\":{\"title\":\"\",\"fontColor\":\"#ffffff\",\"fontSize\":16,\"fontWeight\":\"normal\"}}', 'false', 250, 50, 505, 140, 1);
INSERT INTO `view_chart_item` VALUES (2842, 88, '5ee6ddfb-cce4-4fb5-b065-d2f7191d2dc9', 8, '', 'TitleText', '{\"dataSourceType\":\"\",\"database\":\"\",\"fileName\":\"\",\"sql\":\"\",\"x\":\"\",\"name\":\"\"}', '{}', 0, 'true', 'false', 'false', 8000, '{\"title\":\"总销量\",\"fontColor\":\"#ffffff\",\"fontSize\":20,\"height\":30,\"fontWeight\":\"normal\",\"textAlign\":\"left\"}', 'false', 70, 30, 505, 200, 1);
INSERT INTO `view_chart_item` VALUES (2843, 88, 'd27b0a04-4da6-47a4-aa13-048669560818', 9, '', 'MapChina', '{\"dataSourceType\":\"DataBase\",\"database\":9,\"name\":\"name\",\"value\":\"value\",\"sql\":\"select * from template_4_data4_map\",\"chartType\":\"MapChina\"}', '{\"source\":[[\"dimension\",\"\"],[\"四川\",\"100\"],[\"广东\",\"200\"],[\"香港\",\"300\"],[\"上海\",\"250\"],[\"青海\",\"50\"],[\"重庆\",\"350\"],[\"山东\",\"450\"],[\"辽宁\",\"550\"]]}', 0, 'true', 'false', 'false', 8000, '{\"title\":{\"show\":false,\"text\":\"中国地图\",\"left\":\"center\",\"textStyle\":{\"color\":\"#ffffff\"}},\"legend\":{\"show\":false,\"textStyle\":{\"color\":\"#ffffff\"}},\"visualMap\":{\"show\":false,\"text\":[],\"min\":50,\"max\":550,\"color\":[\"#00C8DC\",\"#080B19\"]},\"geo\":{\"map\":\"china\"},\"series\":[{\"type\":\"map\",\"map\":\"china\",\"itemStyle\":{\"areaColor\":\"#080B19\",\"borderColor\":\"#00C8DC\"},\"showLegendSymbol\":false}],\"dataset\":{\"source\":[[\"dimension\",\"\"],[\"四川\",\"100\"],[\"广东\",\"200\"],[\"香港\",\"300\"],[\"上海\",\"250\"],[\"青海\",\"50\"],[\"重庆\",\"350\"],[\"山东\",\"450\"],[\"辽宁\",\"550\"]]}}', 'false', 955, 680, 480, 105, 1);
INSERT INTO `view_chart_item` VALUES (2844, 88, '2acc7cbb-5c0d-4acc-a5c1-3779b322bbcd', 10, '', 'TitleText', '{\"dataSourceType\":\"\",\"database\":\"\",\"fileName\":\"\",\"sql\":\"\",\"x\":\"\",\"name\":\"\"}', '{}', 0, 'true', 'false', 'false', 8000, '{\"title\":\"数据标题\",\"fontColor\":\"#ffffff\",\"fontSize\":20,\"height\":30,\"fontWeight\":\"normal\",\"textAlign\":\"left\"}', 'false', 200, 30, 505, 800, 1);
INSERT INTO `view_chart_item` VALUES (2845, 88, 'b49af494-6558-48ec-953f-da7360648537', 11, '', 'LineArea', '{\"dataSourceType\":\"DataBase\",\"database\":9,\"dimension\":\"legend\",\"name\":\"x\",\"value\":\"y\",\"sql\":\"select x,y,legend from template_4_data5_line\",\"chartType\":\"LineArea\"}', '{\"source\":[[\"dimension\",\"data\"],[\"一月\",\"600\"],[\"二月\",\"80\"],[\"三月\",\"680\"],[\"四月\",\"1200\"],[\"五月\",\"600\"],[\"六月\",\"400\"],[\"七月\",\"800\"]]}', 0, 'true', 'false', 'false', 8000, '{\"title\":{\"show\":false,\"text\":\"标准折线面积图\",\"left\":\"center\",\"textStyle\":{\"color\":\"#ffffff\"}},\"legend\":{\"show\":false,\"textStyle\":{\"color\":\"#ffffff\"}},\"grid\":{\"left\":\"5%\",\"top\":\"10%\",\"right\":\"5%\",\"bottom\":\"15%\"},\"xAxis\":{\"show\":true,\"type\":\"category\",\"axisLine\":{\"show\":false,\"lineStyle\":{\"color\":\"#ffffff\"}},\"axisLabel\":{\"show\":true,\"color\":\"#ffffff\"},\"axisTick\":{\"show\":false},\"splitLine\":{\"show\":false,\"lineStyle\":{\"color\":[\"#cccccc\"]}},\"splitArea\":{},\"boundaryGap\":false},\"yAxis\":{\"axisLine\":{\"show\":false,\"lineStyle\":{\"color\":\"#ffffff\"}},\"axisLabel\":{\"show\":true,\"color\":\"#ffffff\"},\"axisTick\":{\"show\":false},\"splitLine\":{\"show\":false,\"lineStyle\":{\"color\":[\"#cccccc\"]}},\"splitArea\":{},\"show\":true},\"series\":[{\"type\":\"line\",\"lineStyle\":{},\"areaStyle\":{\"color\":\"rgba(0,200,220,0.17)\"},\"smooth\":true,\"showSymbol\":false}],\"dataset\":{\"source\":[[\"dimension\",\"data\"],[\"一月\",\"600\"],[\"二月\",\"80\"],[\"三月\",\"680\"],[\"四月\",\"1200\"],[\"五月\",\"600\"],[\"六月\",\"400\"],[\"七月\",\"800\"]]},\"color\":[\"#00C8DC\"]}', 'false', 895, 165, 505, 840, 1);
INSERT INTO `view_chart_item` VALUES (2846, 88, '02014afd-657b-4290-8901-4199135d1e0d', 12, '', 'TitleText', '{\"dataSourceType\":\"\",\"database\":\"\",\"fileName\":\"\",\"sql\":\"\",\"x\":\"\",\"name\":\"\"}', '{}', 0, 'true', 'false', 'false', 8000, '{\"title\":\"数据标题\",\"fontColor\":\"#ffffff\",\"fontSize\":20,\"height\":30,\"fontWeight\":\"normal\",\"textAlign\":\"left\"}', 'false', 100, 30, 1520, 120, 1);
INSERT INTO `view_chart_item` VALUES (2847, 88, '42839b57-c12f-4531-9e4d-126b69dd136b', 13, '', 'LineArea', '{\"dataSourceType\":\"DataBase\",\"database\":9,\"dimension\":\"legend\",\"name\":\"x\",\"value\":\"y\",\"sql\":\"select x,y,legend from template_4_data6_line\",\"chartType\":\"LineArea\"}', '{\"source\":[[\"dimension\",\"data1\",\"data2\"],[\"一月\",\"100\",\"1100\"],[\"二月\",\"450\",\"800\"],[\"三月\",\"300\",\"1600\"],[\"四月\",\"1000\",\"600\"],[\"五月\",\"400\",\"1000\"],[\"六月\",\"800\",\"700\"]]}', 0, 'true', 'false', 'false', 8000, '{\"title\":{\"show\":false,\"text\":\"标准折线面积图\",\"left\":\"center\",\"textStyle\":{\"color\":\"#ffffff\"}},\"legend\":{\"show\":false,\"textStyle\":{\"color\":\"#ffffff\"}},\"grid\":{\"left\":\"15%\",\"top\":\"5%\",\"right\":\"5%\",\"bottom\":\"10%\"},\"xAxis\":{\"show\":true,\"type\":\"category\",\"axisLine\":{\"show\":false,\"lineStyle\":{\"color\":\"#ffffff\"}},\"axisLabel\":{\"show\":true,\"color\":\"#ffffff\"},\"axisTick\":{\"show\":false},\"splitLine\":{\"show\":false,\"lineStyle\":{\"color\":[\"#cccccc\"]}},\"splitArea\":{},\"boundaryGap\":false},\"yAxis\":{\"axisLine\":{\"show\":false,\"lineStyle\":{\"color\":\"#ffffff\"}},\"axisLabel\":{\"show\":true,\"color\":\"#ffffff\"},\"axisTick\":{\"show\":false},\"splitLine\":{\"show\":false,\"lineStyle\":{\"color\":[\"#cccccc\"]}},\"splitArea\":{},\"show\":true},\"series\":[{\"type\":\"line\",\"lineStyle\":{},\"areaStyle\":{\"color\":\"rgba(109, 79, 250, 0.25)\"},\"showSymbol\":false},{\"type\":\"line\",\"lineStyle\":{},\"areaStyle\":{\"color\":\"rgba(54, 227, 255, 0.15)\"},\"showSymbol\":false}],\"dataset\":{\"source\":[[\"dimension\",\"data1\",\"data2\"],[\"一月\",\"100\",\"1100\"],[\"二月\",\"450\",\"800\"],[\"三月\",\"300\",\"1600\"],[\"四月\",\"1000\",\"600\"],[\"五月\",\"400\",\"1000\"],[\"六月\",\"800\",\"700\"]]},\"color\":[\"#6E3CFF\",\"#36E3FF\"]}', 'false', 320, 205, 1520, 185, 1);
INSERT INTO `view_chart_item` VALUES (2848, 88, 'e775ad2e-e006-43ab-9409-1b7947552238', 14, '', 'TitleText', '{\"dataSourceType\":\"\",\"database\":\"\",\"fileName\":\"\",\"sql\":\"\",\"x\":\"\",\"name\":\"\"}', '{}', 0, 'true', 'false', 'false', 8000, '{\"title\":\"数据标题\",\"fontColor\":\"#ffffff\",\"fontSize\":20,\"height\":30,\"fontWeight\":\"normal\",\"textAlign\":\"left\"}', 'false', 100, 30, 1515, 465, 1);
INSERT INTO `view_chart_item` VALUES (2849, 88, '511821e9-7a36-4736-b1b9-22a1558c8053', 15, '', 'HistogramNormal', '{\"dataSourceType\":\"DataBase\",\"database\":9,\"dimension\":\"legend\",\"name\":\"x\",\"value\":\"y\",\"sql\":\"select * from template_4_data7_histogram\",\"chartType\":\"HistogramNormal\"}', '{\"source\":[[\"dimension\",\"data1\",\"data2\"],[\"一月\",\"80\",\"65\"],[\"二月\",\"50\",\"40\"],[\"三月\",\"160\",\"130\"],[\"四月\",\"120\",\"100\"],[\"五月\",\"40\",\"30\"]]}', 0, 'true', 'false', 'false', 8000, '{\"title\":{\"text\":\"标准柱状图\",\"left\":\"center\",\"textStyle\":{\"color\":\"#fff\"},\"show\":false},\"legend\":{\"show\":false,\"textStyle\":{\"color\":\"#ffffff\"}},\"grid\":{\"left\":\"10%\",\"top\":\"5%\",\"right\":\"\",\"bottom\":\"10%\"},\"xAxis\":{\"show\":true,\"type\":\"category\",\"axisLine\":{\"show\":true,\"lineStyle\":{\"color\":\"#ffffff\"}},\"axisLabel\":{\"show\":true,\"color\":\"#ffffff\"},\"axisTick\":{\"show\":false},\"splitLine\":{\"show\":false,\"lineStyle\":{\"color\":[\"#cccccc\"]}},\"splitArea\":{}},\"yAxis\":{\"axisLine\":{\"show\":false,\"lineStyle\":{\"color\":\"#ffffff\"}},\"axisLabel\":{\"show\":true,\"color\":\"#ffffff\"},\"axisTick\":{\"show\":false},\"splitLine\":{\"show\":false,\"lineStyle\":{\"color\":[\"#cccccc\"]}},\"splitArea\":{},\"show\":true},\"series\":[{\"type\":\"bar\",\"itemStyle\":{\"borderRadius\":[0,0,0,0]}},{\"type\":\"bar\",\"itemStyle\":{\"borderRadius\":[0,0,0,0]}}],\"dataset\":{\"source\":[[\"dimension\",\"data1\",\"data2\"],[\"一月\",\"80\",\"65\"],[\"二月\",\"50\",\"40\"],[\"三月\",\"160\",\"130\"],[\"四月\",\"120\",\"100\"],[\"五月\",\"40\",\"30\"]]},\"color\":[\"#6E3CFF\",\"#36E3FF\"]}', 'false', 325, 230, 1515, 520, 1);
INSERT INTO `view_chart_item` VALUES (2850, 88, '510e1c75-d054-466e-b665-775aad54f9d0', 16, '', 'TitleText', '{\"dataSourceType\":\"\",\"database\":\"\",\"fileName\":\"\",\"sql\":\"\",\"x\":\"\",\"name\":\"\"}', '{}', 0, 'true', 'false', 'false', 8000, '{\"title\":\"数据标题\",\"fontColor\":\"#ffffff\",\"fontSize\":20,\"height\":30,\"fontWeight\":\"normal\",\"textAlign\":\"left\"}', 'false', 100, 30, 1515, 795, 1);
INSERT INTO `view_chart_item` VALUES (2851, 88, '6472e699-549a-49eb-ab18-043740e666bf', 17, '', 'LineNormal', '{\"dataSourceType\":\"DataBase\",\"database\":9,\"dimension\":\"无\",\"name\":\"x\",\"value\":\"y\",\"sql\":\"select * from template_4_data8_line\",\"chartType\":\"LineNormal\"}', '{\"source\":[[\"dimension\"],[\"一月\",\"600\"],[\"二月\",\"80\"],[\"三月\",\"680\"],[\"四月\",\"1200\"],[\"五月\",\"600\"],[\"六月\",\"400\"]]}', 0, 'true', 'false', 'false', 8000, '{\"title\":{\"show\":false,\"text\":\"标准折线图\",\"left\":\"center\",\"textStyle\":{\"color\":\"#ffffff\"}},\"legend\":{\"show\":false,\"textStyle\":{\"color\":\"#ffffff\"}},\"grid\":{\"left\":\"15%\",\"top\":\"5%\",\"right\":\"\",\"bottom\":\"15%\"},\"xAxis\":{\"show\":true,\"type\":\"category\",\"axisLine\":{\"show\":true,\"lineStyle\":{\"color\":\"#ffffff\"}},\"axisLabel\":{\"show\":true,\"color\":\"#ffffff\"},\"axisTick\":{\"show\":false},\"splitLine\":{\"show\":false,\"lineStyle\":{\"color\":[\"#cccccc\"]}},\"splitArea\":{}},\"yAxis\":{\"axisLine\":{\"show\":false,\"lineStyle\":{\"color\":\"#ffffff\"}},\"axisLabel\":{\"show\":true,\"color\":\"#ffffff\"},\"axisTick\":{\"show\":false},\"splitLine\":{\"show\":false,\"lineStyle\":{\"color\":[\"#cccccc\"]}},\"splitArea\":{},\"show\":true},\"series\":[{\"type\":\"line\",\"lineStyle\":{},\"smooth\":true,\"showSymbol\":false}],\"dataset\":{\"source\":[[\"dimension\"],[\"一月\",\"600\"],[\"二月\",\"80\"],[\"三月\",\"680\"],[\"四月\",\"1200\"],[\"五月\",\"600\"],[\"六月\",\"400\"]]},\"color\":[\"#5F5FFF\"]}', 'false', 320, 160, 1515, 845, 1);
INSERT INTO `view_chart_item` VALUES (2852, 89, '9963b0a7-b6da-471d-8b95-c43612396539', 0, '标题文本', 'TitleText', '{\"dataSourceType\":\"\",\"database\":\"\",\"fileName\":\"\",\"sql\":\"\",\"x\":\"\",\"name\":\"\"}', '{}', 0, 'true', 'false', 'false', 8000, '{\"title\":\"上市公司全景概览\",\"fontColor\":\"#ffffff\",\"fontSize\":34,\"height\":50,\"fontWeight\":\"normal\",\"textAlign\":\"center\"}', 'false', 770, 50, 565, 10, 1);
INSERT INTO `view_chart_item` VALUES (2853, 89, '31e33b5c-c00e-4efb-bee8-6074dfde7e23', 1, '标题文本', 'TitleText', '{\"dataSourceType\":\"\",\"database\":\"\",\"fileName\":\"\",\"sql\":\"\",\"x\":\"\",\"name\":\"\"}', '{}', 0, 'true', 'false', 'false', 8000, '{\"title\":\"市价总值排行Top10\",\"fontColor\":\"#9aa8d4\",\"fontSize\":22,\"height\":30,\"fontWeight\":\"normal\",\"textAlign\":\"left\"}', 'false', 250, 30, 20, 85, 1);

-- ----------------------------
-- Table structure for view_instance
-- ----------------------------
DROP TABLE IF EXISTS `view_instance`;
CREATE TABLE `view_instance`  (
  `instance_id` bigint(20) NOT NULL AUTO_INCREMENT COMMENT '实例ID',
  `business_id` bigint(20) NULL DEFAULT NULL COMMENT '企业ID',
  `instance_background_color` varchar(20) CHARACTER SET utf8 COLLATE utf8_general_ci NULL DEFAULT NULL COMMENT '背景颜色',
  `instance_background_img` varchar(500) CHARACTER SET utf8 COLLATE utf8_general_ci NULL DEFAULT NULL COMMENT '背景图',
  `instance_width` bigint(20) NULL DEFAULT NULL COMMENT '宽',
  `instance_height` bigint(20) NULL DEFAULT NULL COMMENT '高',
  `instance_title` varchar(50) CHARACTER SET utf8 COLLATE utf8_general_ci NULL DEFAULT NULL COMMENT '标题',
  `instance_view_thumbnail` varchar(500) CHARACTER SET utf8 COLLATE utf8_general_ci NULL DEFAULT NULL COMMENT '缩略图',
  `instance_version` bigint(20) NULL DEFAULT NULL COMMENT '版本号',
  `create_id` bigint(20) NULL DEFAULT NULL COMMENT '创建者ID',
  `create_time` datetime(0) NULL DEFAULT NULL COMMENT '创建时间',
  `update_id` bigint(20) NULL DEFAULT NULL COMMENT '更新者ID',
  `update_time` datetime(0) NULL DEFAULT NULL COMMENT '更新时间',
  `del_flag` tinyint(4) NULL DEFAULT NULL COMMENT '删除标识（-1：不存在；1：存在）',
  PRIMARY KEY (`instance_id`) USING BTREE
) ENGINE = InnoDB AUTO_INCREMENT = 90 CHARACTER SET = utf8 COLLATE = utf8_general_ci ROW_FORMAT = Dynamic;

-- ----------------------------
-- Records of view_instance
-- ----------------------------
INSERT INTO `view_instance` VALUES (85, 1, '#263546', '/storage/2021/0530/云资源监控-背景.png', 1920, 1080, '云资源监控', '/storage/2021/0619/1624076930566_thumbnail.png', 1, 1, '2021-05-26 13:30:26', 1, '2021-06-19 12:28:50', 1);
INSERT INTO `view_instance` VALUES (86, 1, '#263546', '/storage/2021/0530/企业实时销售数据-背景.png', 1920, 1080, '企业实时销售数据', '/storage/2021/0619/1624076941882_thumbnail.png', 1, 1, '2021-05-29 15:17:35', 1, '2021-06-19 12:29:01', 1);
INSERT INTO `view_instance` VALUES (87, 1, '#263546', '/storage/2021/0530/云服务监控-背景.png', 1920, 1080, '云服务监控', '/storage/2021/0619/1624076950788_thumbnail.png', 1, 1, '2021-05-31 11:00:09', 1, '2021-06-19 12:29:10', 1);
INSERT INTO `view_instance` VALUES (88, 1, '#263546', '/storage/2021/0531/通用模板1-背景.png', 1920, 1080, '通用模板1', '/storage/2021/0619/1624076955990_thumbnail.png', 1, 1, '2021-05-31 17:02:04', 1, '2021-06-19 12:29:16', 1);
INSERT INTO `view_instance` VALUES (89, 1, '#263546', '/storage/2021/0615/上市公司全景概览-背景.png', 1920, 1080, '上市公司全景概览', '/storage/2021/0619/1624076992626_thumbnail.png', 1, 1, '2021-06-15 11:16:49', 1, '2021-06-19 12:29:52', 1);

SET FOREIGN_KEY_CHECKS = 1;
