/*
 Navicat Premium Data Transfer

 Source Server         : 本地服务器
 Source Server Type    : MySQL
 Source Server Version : 50732
 Source Host           : localhost:3306
 Source Schema         : data-view

 Target Server Type    : MySQL
 Target Server Version : 50732
 File Encoding         : 65001

 Date: 20/05/2021 10:13:40
*/

SET NAMES utf8mb4;
SET FOREIGN_KEY_CHECKS = 0;

-- ----------------------------
-- Table structure for data_source
-- ----------------------------
DROP TABLE IF EXISTS `data_source`;
CREATE TABLE `data_source`  (
  `data_source_id` bigint(20) NOT NULL AUTO_INCREMENT,
  `business_id` bigint(20) NULL DEFAULT NULL COMMENT '企业ID',
  `data_source_name` varchar(50) CHARACTER SET utf8 COLLATE utf8_general_ci NULL DEFAULT NULL COMMENT '数据源名称',
  `data_source_type` varchar(50) CHARACTER SET utf8 COLLATE utf8_general_ci NULL DEFAULT NULL COMMENT '数据源类型',
  `data_source_database_name` varchar(100) CHARACTER SET utf8 COLLATE utf8_general_ci NULL DEFAULT NULL COMMENT '数据源的数据库名称',
  `data_source_ip` varchar(50) CHARACTER SET utf8 COLLATE utf8_general_ci NULL DEFAULT NULL COMMENT '数据源的IP地址',
  `data_source_port` int(5) NULL DEFAULT NULL COMMENT '数据源的端口号',
  `data_source_username` varchar(50) CHARACTER SET utf8 COLLATE utf8_general_ci NULL DEFAULT NULL COMMENT '数据源的账户名称',
  `data_source_password` varchar(50) CHARACTER SET utf8 COLLATE utf8_general_ci NULL DEFAULT NULL COMMENT '数据源的账户密码',
  `create_id` bigint(20) NULL DEFAULT NULL COMMENT '创建者ID',
  `create_time` datetime(0) NULL DEFAULT NULL COMMENT '创建时间',
  `update_id` bigint(20) NULL DEFAULT NULL COMMENT '更新者ID',
  `update_time` datetime(0) NULL DEFAULT NULL COMMENT '更新时间',
  `del_flag` tinyint(4) NULL DEFAULT NULL COMMENT '删除标识（-1：不存在；1：存在）',
  PRIMARY KEY (`data_source_id`) USING BTREE
) ENGINE = InnoDB AUTO_INCREMENT = 14 CHARACTER SET = utf8 COLLATE = utf8_general_ci ROW_FORMAT = Dynamic;

-- ----------------------------
-- Records of data_source
-- ----------------------------
INSERT INTO `data_source` VALUES (5, 1, '可视化数据源', 'MySQL', 'datav_template', '127.0.0.1', 3306, 'root', 'root', 1, '2021-05-19 10:12:18', 1, '2021-05-19 10:12:18', 1);
INSERT INTO `data_source` VALUES (6, 1, '数据库数据源', 'MySQL', 'bigdata', '127.0.0.1', 3306, 'root', 'root', 1, '2021-05-19 10:12:18', 1, '2021-05-19 10:12:18', 1);
INSERT INTO `data_source` VALUES (7, 1, 'bigdata', 'MySQL', 'bigdata', '127.0.0.1', 3306, 'root', 'root', 1, '2021-05-19 10:12:18', 1, '2021-05-19 10:12:18', 1);
INSERT INTO `data_source` VALUES (9, 1, 'data-view-template', 'MySQL', 'data-view-template', '127.0.0.1', 3306, 'root', 'root', 1, '2021-05-19 10:12:18', 1, '2021-05-19 10:12:18', 1);
INSERT INTO `data_source` VALUES (10, 1, 'bigdata', 'MySQL', 'bigdata', '127.0.0.1', 3306, 'root', 'root', 1, '2021-05-19 10:12:18', 1, '2021-05-19 10:12:18', 1);
INSERT INTO `data_source` VALUES (11, 1, '数据库数据源1', 'MySQL', 'bigdata', '127.0.0.1', 3306, 'root', 'root', 1, '2021-05-19 10:12:18', 1, '2021-05-19 10:12:18', 1);
INSERT INTO `data_source` VALUES (12, 1, 'test_1', 'MySQL', 'bigdata', '127.0.0.1', 3306, 'root', 'root', 1, '2021-05-19 10:12:18', 1, '2021-05-19 10:12:18', 1);
INSERT INTO `data_source` VALUES (13, 1, '开发平台1', 'MySQL', 'develop-platform', '127.0.0.1', 3306, 'root', 'root', 1, '2021-05-19 10:12:18', 1, '2021-05-19 10:12:18', 1);

-- ----------------------------
-- Table structure for image
-- ----------------------------
DROP TABLE IF EXISTS `image`;
CREATE TABLE `image`  (
  `image_id` bigint(20) NOT NULL AUTO_INCREMENT,
  `image_name` varchar(200) CHARACTER SET utf8 COLLATE utf8_general_ci NULL DEFAULT NULL COMMENT '图片名称',
  `image_path` varchar(500) CHARACTER SET utf8 COLLATE utf8_general_ci NULL DEFAULT NULL COMMENT '图片位置',
  `image_size` bigint(20) NULL DEFAULT NULL COMMENT '图片大小',
  `business_id` bigint(20) NULL DEFAULT NULL COMMENT '企业ID',
  `create_id` bigint(20) NULL DEFAULT NULL COMMENT '创建者ID',
  `create_time` datetime(0) NULL DEFAULT NULL COMMENT '创建时间',
  `update_id` bigint(20) NULL DEFAULT NULL COMMENT '更新者ID',
  `update_time` datetime(0) NULL DEFAULT NULL COMMENT '更新时间',
  `del_flag` tinyint(4) NULL DEFAULT NULL COMMENT '删除标识（-1：不存在；1：存在）',
  PRIMARY KEY (`image_id`) USING BTREE
) ENGINE = InnoDB AUTO_INCREMENT = 14 CHARACTER SET = utf8 COLLATE = utf8_general_ci ROW_FORMAT = Dynamic;

-- ----------------------------
-- Records of image
-- ----------------------------
INSERT INTO `image` VALUES (9, '云资源监控-背景.png', '/group1/default/20210513/17/59/6/云资源监控-背景.png', 61983, 1, 1, '2021-05-19 10:12:18', 1, '2021-05-19 10:12:18', 1);
INSERT INTO `image` VALUES (10, '企业实时销售数据-背景.png', '/group1/default/20210513/18/00/6/企业实时销售数据-背景.png', 758743, 1, 1, '2021-05-19 10:12:18', 1, '2021-05-19 10:12:18', 1);
INSERT INTO `image` VALUES (11, '通用模板1-背景.png', '/group1/default/20210513/18/01/6/通用模板1-背景.png', 27247, 1, 1, '2021-05-19 10:12:18', 1, '2021-05-19 10:12:18', 1);
INSERT INTO `image` VALUES (12, '云服务监控-背景.png', '/group1/default/20210513/18/03/6/云服务监控-背景.png', 44365, 1, 1, '2021-05-19 10:12:18', 1, '2021-05-19 10:12:18', 1);
INSERT INTO `image` VALUES (13, '零售行业数据可视化-背景.png', '/group1/default/20210513/18/01/6/零售行业数据可视化-背景.png', 545340, 1, 1, '2021-05-19 10:12:18', 1, '2021-05-19 10:12:18', 1);

-- ----------------------------
-- Table structure for view_chart_item
-- ----------------------------
DROP TABLE IF EXISTS `view_chart_item`;
CREATE TABLE `view_chart_item`  (
  `item_id` bigint(20) NOT NULL AUTO_INCREMENT,
  `instance_id` bigint(20) NULL DEFAULT NULL,
  `item_chart_data` text CHARACTER SET utf8 COLLATE utf8_general_ci NULL,
  `item_chart_type` varchar(50) CHARACTER SET utf8 COLLATE utf8_general_ci NULL DEFAULT NULL,
  `item_choose` varchar(10) CHARACTER SET utf8 COLLATE utf8_general_ci NULL DEFAULT NULL,
  `item_data` text CHARACTER SET utf8 COLLATE utf8_general_ci NULL,
  `item_height` bigint(20) NULL DEFAULT NULL,
  `item_i` varchar(20) CHARACTER SET utf8 COLLATE utf8_general_ci NULL DEFAULT NULL,
  `item_interval` bigint(20) NULL DEFAULT NULL,
  `item_option` text CHARACTER SET utf8 COLLATE utf8_general_ci NULL,
  `item_refresh` varchar(10) CHARACTER SET utf8 COLLATE utf8_general_ci NULL DEFAULT NULL,
  `item_width` bigint(20) NULL DEFAULT NULL,
  `item_x` bigint(20) NULL DEFAULT NULL,
  `item_y` bigint(20) NULL DEFAULT NULL,
  `item_version` bigint(20) NULL DEFAULT NULL,
  PRIMARY KEY (`item_id`) USING BTREE
) ENGINE = InnoDB AUTO_INCREMENT = 1852 CHARACTER SET = utf8 COLLATE = utf8_general_ci ROW_FORMAT = Dynamic;

-- ----------------------------
-- Records of view_chart_item
-- ----------------------------
INSERT INTO `view_chart_item` VALUES (1370, 69, '{\"dataSourceType\":\"\",\"database\":\"\",\"fileName\":\"\",\"sql\":\"\",\"x\":\"\",\"name\":\"\"}', 'titleText', 'false', '[]', 35, 'chart0', 8000, '{\"title\":\" 大数据计算服务运维视屏——测试项目\",\"fontColor\":\"#ffffff\",\"fontSize\":28,\"fontWeight\":\"normal\",\"textAlign\":\"left\",\"backgroundColor\":\"rgba(255,255,255,0)\"}', 'false', 500, 215, 15, 2);
INSERT INTO `view_chart_item` VALUES (1371, 69, '{\"dataSourceType\":\"\",\"database\":\"\",\"fileName\":\"\",\"sql\":\"\",\"x\":\"\",\"name\":\"\"}', 'titleText', 'false', '[]', 30, 'chart1', 8000, '{\"title\":\"服务器整体监测\",\"fontColor\":\"#ffffff\",\"fontSize\":24,\"fontWeight\":\"normal\",\"textAlign\":\"left\",\"backgroundColor\":\"rgba(255,255,255,0)\"}', 'false', 180, 60, 100, 2);
INSERT INTO `view_chart_item` VALUES (1372, 69, '{\"dataSourceType\":\"\",\"database\":\"\",\"fileName\":\"\",\"sql\":\"\",\"x\":\"\",\"name\":\"\"}', 'titleText', 'false', '[]', 30, 'chart2', 8000, '{\"title\":\"MaxCompute任务总数\",\"fontColor\":\"#ffffff\",\"fontSize\":24,\"fontWeight\":\"normal\",\"textAlign\":\"left\",\"backgroundColor\":\"rgba(255,255,255,0)\"}', 'false', 250, 60, 305, 2);
INSERT INTO `view_chart_item` VALUES (1373, 69, '{\"dataSourceType\":\"\",\"database\":\"\",\"fileName\":\"\",\"sql\":\"\",\"x\":\"\",\"name\":\"\"}', 'titleText', 'false', '[]', 30, 'chart3', 8000, '{\"title\":\"任务情况\",\"fontColor\":\"#ffffff\",\"fontSize\":24,\"fontWeight\":\"normal\",\"textAlign\":\"left\",\"backgroundColor\":\"rgba(255,255,255,0)\"}', 'false', 125, 895, 305, 2);
INSERT INTO `view_chart_item` VALUES (1374, 69, '{\"dataSourceType\":\"\",\"database\":\"\",\"fileName\":\"\",\"sql\":\"\",\"x\":\"\",\"name\":\"\"}', 'titleText', 'false', '[]', 30, 'chart4', 8000, '{\"title\":\"表平均容量\",\"fontColor\":\"#ffffff\",\"fontSize\":24,\"fontWeight\":\"normal\",\"textAlign\":\"left\",\"backgroundColor\":\"rgba(255,255,255,0)\"}', 'false', 130, 1545, 305, 2);
INSERT INTO `view_chart_item` VALUES (1375, 69, '{\"dataSourceType\":\"\",\"database\":\"\",\"fileName\":\"\",\"sql\":\"\",\"x\":\"\",\"name\":\"\"}', 'titleText', 'false', '[]', 30, 'chart5', 8000, '{\"title\":\"表储存容量\",\"fontColor\":\"#ffffff\",\"fontSize\":24,\"fontWeight\":\"normal\",\"textAlign\":\"left\",\"backgroundColor\":\"rgba(255,255,255,0)\"}', 'false', 135, 60, 715, 2);
INSERT INTO `view_chart_item` VALUES (1376, 69, '{\"dataSourceType\":\"\",\"database\":\"\",\"fileName\":\"\",\"sql\":\"\",\"x\":\"\",\"name\":\"\"}', 'titleText', 'false', '[]', 30, 'chart6', 8000, '{\"title\":\"运行耗时最长任务\",\"fontColor\":\"#ffffff\",\"fontSize\":24,\"fontWeight\":\"normal\",\"textAlign\":\"left\",\"backgroundColor\":\"rgba(255,255,255,0)\"}', 'false', 200, 495, 715, 2);
INSERT INTO `view_chart_item` VALUES (1377, 69, '{\"dataSourceType\":\"\",\"database\":\"\",\"fileName\":\"\",\"sql\":\"\",\"x\":\"\",\"name\":\"\"}', 'titleText', 'false', '[]', 30, 'chart7', 8000, '{\"title\":\"资源耗时最大任务\",\"fontColor\":\"#ffffff\",\"fontSize\":24,\"fontWeight\":\"normal\",\"textAlign\":\"left\",\"backgroundColor\":\"rgba(255,255,255,0)\"}', 'false', 200, 895, 715, 2);
INSERT INTO `view_chart_item` VALUES (1378, 69, '{\"dataSourceType\":\"\",\"database\":\"\",\"fileName\":\"\",\"sql\":\"\",\"x\":\"\",\"name\":\"\"}', 'titleText', 'false', '[]', 20, 'chart8', 8000, '{\"title\":\"计算资源消耗\",\"fontColor\":\"rgba(255, 255, 255, 0.7)\",\"fontSize\":18,\"fontWeight\":\"normal\",\"textAlign\":\"left\",\"backgroundColor\":\"rgba(255,255,255,0)\"}', 'false', 115, 75, 160, 2);
INSERT INTO `view_chart_item` VALUES (1379, 69, '{\"dataSourceType\":\"\",\"database\":\"\",\"fileName\":\"\",\"sql\":\"\",\"x\":\"\",\"name\":\"\"}', 'titleText', 'false', '[]', 20, 'chart9', 8000, '{\"title\":\"磁盘总空间/利用率\",\"fontColor\":\"rgba(255, 255, 255, 0.7)\",\"fontSize\":18,\"fontWeight\":\"normal\",\"textAlign\":\"left\",\"backgroundColor\":\"rgba(255,255,255,0)\"}', 'false', 160, 530, 160, 2);
INSERT INTO `view_chart_item` VALUES (1380, 69, '{\"dataSourceType\":\"\",\"database\":\"\",\"fileName\":\"\",\"sql\":\"\",\"x\":\"\",\"name\":\"\"}', 'titleText', 'false', '[]', 20, 'chart10', 8000, '{\"title\":\"内存总数/利用率\",\"fontColor\":\"rgba(255, 255, 255, 0.7)\",\"fontSize\":18,\"fontWeight\":\"normal\",\"textAlign\":\"left\",\"backgroundColor\":\"rgba(255,255,255,0)\"}', 'false', 140, 985, 160, 2);
INSERT INTO `view_chart_item` VALUES (1381, 69, '{\"dataSourceType\":\"\",\"database\":\"\",\"fileName\":\"\",\"sql\":\"\",\"x\":\"\",\"name\":\"\"}', 'titleText', 'false', '[]', 20, 'chart11', 8000, '{\"title\":\"在线结点数/结点率\",\"fontColor\":\"rgba(255, 255, 255, 0.7)\",\"fontSize\":18,\"fontWeight\":\"normal\",\"textAlign\":\"left\",\"backgroundColor\":\"rgba(255,255,255,0)\"}', 'false', 155, 1440, 160, 2);
INSERT INTO `view_chart_item` VALUES (1382, 69, '{\"dataSourceType\":\"DataBase\",\"database\":9,\"sql\":\"select sum(data) as data from template_1_crc_sum\",\"data\":\"data\",\"chartType\":\"counter\"}', 'counter', 'false', '[]', 50, 'chart12', 8000, '{\"fontColor\":\"rgba(255,255,255,1)\",\"fontSize\":40,\"fontWeight\":\"normal\",\"textAlign\":\"left\",\"backgroundColor\":\"rgba(255,255,255,0)\",\"unit\":{\"title\":\"GB\",\"fontColor\":\"rgba(255, 255, 255, 0.7)\",\"fontSize\":16,\"fontWeight\":\"normal\"}}', 'false', 135, 75, 205, 2);
INSERT INTO `view_chart_item` VALUES (1383, 69, '{\"dataSourceType\":\"DataBase\",\"database\":9,\"sql\":\"select * from template_1_crc_line\",\"x\":\"x\",\"y\":\"y\",\"legend\":\"legend\",\"chartType\":\"lineStacking\"}', 'lineStacking', 'false', '[]', 100, 'chart13', 8000, '{\"title\":{\"text\":\"堆叠折线图\",\"left\":\"center\",\"textStyle\":{\"color\":\"#fff\"},\"show\":false},\"grid\":{\"top\":\"\",\"left\":\"10\",\"right\":\"10\",\"bottom\":\"\",\"containLabel\":true},\"color\":[\"#E38092\",\"#FF64F4\"],\"legend\":{\"left\":\"1%\",\"top\":\"5%\",\"textStyle\":{\"color\":\"#fff\"},\"show\":false},\"tooltip\":{},\"dataset\":{\"source\":[[\"product\",\"1\",\"2\"],[\"01/01\",\"30\",\"30\"],[\"02/01\",\"160\",\"80\"],[\"03/01\",\"80\",\"20\"],[\"04/01\",\"90\",\"120\"],[\"05/01\",\"20\",\"70\"],[\"06/01\",\"190\",\"100\"],[\"07/01\",\"100\",\"70\"],[\"08/01\",\"150\",\"90\"],[\"09/01\",\"90\",\"30\"],[\"10/01\",\"60\",\"50\"]]},\"xAxis\":{\"name\":\"\",\"type\":\"category\",\"boundaryGap\":true,\"axisTick\":{\"show\":false},\"axisLabel\":{\"show\":true,\"textStyle\":{\"color\":\"#fff\"},\"rotate\":0},\"splitLine\":{\"show\":false,\"lineStyle\":{\"color\":\"#ffffff\"}},\"axisLine\":{\"show\":false,\"lineStyle\":{\"color\":\"#FFFFFF\"}}},\"yAxis\":{\"name\":\"\",\"type\":\"value\",\"axisTick\":{\"show\":false},\"axisLabel\":{\"show\":false,\"textStyle\":{\"color\":\"#fff\"}},\"splitLine\":{\"show\":false,\"lineStyle\":{\"color\":\"#ffffff\"}},\"splitArea\":{\"show\":false,\"areaStyle\":{\"color\":[\"rgba(250,250,250,0.3)\",\"rgba(200,200,200,0.3)\"]}},\"axisLine\":{\"show\":false,\"lineStyle\":{\"color\":\"#FFFFFF\"}}},\"series\":[{\"type\":\"line\",\"showSymbol\":false,\"smooth\":true},{\"type\":\"line\",\"showSymbol\":false,\"lineStyle\":{\"type\":\"dashed\"},\"smooth\":true}],\"backgroundColor\":\"rgba(255,255,255,0)\"}', 'false', 225, 230, 160, 2);
INSERT INTO `view_chart_item` VALUES (1384, 69, '{\"dataSourceType\":\"DataBase\",\"database\":9,\"sql\":\"SELECT * FROM template_1_tds_sum WHERE type = \'sum\'\",\"data\":\"data\",\"chartType\":\"counter\"}', 'counter', 'false', '[]', 40, 'chart14', 8000, '{\"fontColor\":\"rgba(255,255,255,1)\",\"fontSize\":40,\"fontWeight\":\"normal\",\"textAlign\":\"left\",\"backgroundColor\":\"rgba(255,255,255,0)\",\"thousandth\":false,\"unit\":{\"title\":\"TB\",\"fontColor\":\"rgba(255, 255, 255, 0.7)\",\"fontSize\":16,\"fontWeight\":\"normal\"}}', 'false', 90, 530, 205, 2);
INSERT INTO `view_chart_item` VALUES (1385, 69, '{\"dataSourceType\":\"\",\"database\":\"\",\"fileName\":\"\",\"sql\":\"\",\"x\":\"\",\"name\":\"\"}', 'titleText', 'false', '[]', 30, 'chart15', 8000, '{\"title\":\"/\",\"fontColor\":\"rgba(255,255,255,1)\",\"fontSize\":22,\"fontWeight\":\"normal\",\"textAlign\":\"left\",\"backgroundColor\":\"rgba(255,255,255,0)\"}', 'false', 40, 617, 222, 2);
INSERT INTO `view_chart_item` VALUES (1386, 69, '{\"dataSourceType\":\"DataBase\",\"database\":9,\"sql\":\"SELECT * FROM template_1_tds_sum WHERE type = \'ratio\'\",\"data\":\"data\",\"chartType\":\"counter\"}', 'counter', 'false', '[]', 35, 'chart16', 8000, '{\"fontColor\":\"rgba(255,255,255,1)\",\"fontSize\":32,\"fontWeight\":\"normal\",\"textAlign\":\"left\",\"backgroundColor\":\"rgba(255,255,255,0)\",\"thousandth\":true,\"unit\":{\"title\":\"%\",\"fontColor\":\"rgba(255, 255, 255, 0.7)\",\"fontSize\":16,\"fontWeight\":\"normal\"}}', 'false', 80, 635, 213, 2);
INSERT INTO `view_chart_item` VALUES (1387, 69, '{\"dataSourceType\":\"DataBase\",\"database\":9,\"sql\":\"select * from template_1_tds_line\",\"x\":\"x\",\"y\":\"y\",\"legend\":\"legend\",\"chartType\":\"lineStacking\"}', 'lineStacking', 'false', '[]', 100, 'chart17', 8000, '{\"title\":{\"text\":\"堆叠折线图\",\"left\":\"center\",\"textStyle\":{\"color\":\"#fff\"},\"show\":false},\"grid\":{\"top\":\"\",\"left\":\"10\",\"right\":\"10\",\"bottom\":\"\",\"containLabel\":true},\"color\":[\"#E38092\",\"#FF64F4\"],\"legend\":{\"left\":\"1%\",\"top\":\"5%\",\"textStyle\":{\"color\":\"#fff\"},\"show\":false},\"tooltip\":{},\"dataset\":{\"source\":[[\"product\",\"1\",\"2\"],[\"01/01\",\"90\",\"30\"],[\"02/01\",\"30\",\"80\"],[\"03/01\",\"80\",\"20\"],[\"04/01\",\"20\",\"180\"],[\"05/01\",\"50\",\"70\"],[\"06/01\",\"190\",\"120\"],[\"07/01\",\"170\",\"70\"],[\"08/01\",\"150\",\"90\"],[\"09/01\",\"40\",\"30\"],[\"10/01\",\"60\",\"50\"]]},\"xAxis\":{\"name\":\"\",\"type\":\"category\",\"boundaryGap\":true,\"axisTick\":{\"show\":false},\"axisLabel\":{\"show\":true,\"textStyle\":{\"color\":\"#fff\"},\"rotate\":0},\"splitLine\":{\"show\":false,\"lineStyle\":{\"color\":\"#ffffff\"}},\"axisLine\":{\"show\":false,\"lineStyle\":{\"color\":\"#FFFFFF\"}}},\"yAxis\":{\"name\":\"\",\"type\":\"value\",\"axisTick\":{\"show\":false},\"axisLabel\":{\"show\":false,\"textStyle\":{\"color\":\"#fff\"}},\"splitLine\":{\"show\":false,\"lineStyle\":{\"color\":\"#ffffff\"}},\"splitArea\":{\"show\":false,\"areaStyle\":{\"color\":[\"rgba(250,250,250,0.3)\",\"rgba(200,200,200,0.3)\"]}},\"axisLine\":{\"show\":false,\"lineStyle\":{\"color\":\"#FFFFFF\"}}},\"series\":[{\"type\":\"line\",\"showSymbol\":false,\"smooth\":true},{\"type\":\"line\",\"showSymbol\":false,\"lineStyle\":{\"type\":\"dashed\"},\"smooth\":true}],\"backgroundColor\":\"rgba(255,255,255,0)\"}', 'false', 225, 715, 160, 2);
INSERT INTO `view_chart_item` VALUES (1388, 69, '{\"dataSourceType\":\"DataBase\",\"database\":9,\"sql\":\"SELECT * FROM template_1_tm_sum WHERE type = \'sum\'\",\"data\":\"data\",\"chartType\":\"counter\"}', 'counter', 'false', '[]', 40, 'chart18', 8000, '{\"fontColor\":\"rgba(255,255,255,1)\",\"fontSize\":40,\"fontWeight\":\"normal\",\"textAlign\":\"left\",\"backgroundColor\":\"rgba(255,255,255,0)\",\"thousandth\":false,\"unit\":{\"title\":\"TB\",\"fontColor\":\"rgba(255, 255, 255, 0.7)\",\"fontSize\":16,\"fontWeight\":\"normal\"}}', 'false', 90, 985, 205, 2);
INSERT INTO `view_chart_item` VALUES (1389, 69, '{\"dataSourceType\":\"\",\"database\":\"\",\"fileName\":\"\",\"sql\":\"\",\"x\":\"\",\"name\":\"\"}', 'titleText', 'false', '[]', 30, 'chart19', 8000, '{\"title\":\"/\",\"fontColor\":\"rgba(255,255,255,1)\",\"fontSize\":22,\"fontWeight\":\"normal\",\"textAlign\":\"left\",\"backgroundColor\":\"rgba(255,255,255,0)\"}', 'false', 40, 1075, 222, 2);
INSERT INTO `view_chart_item` VALUES (1390, 69, '{\"dataSourceType\":\"DataBase\",\"database\":9,\"sql\":\"SELECT * FROM template_1_tm_sum WHERE type = \'ratio\'\",\"data\":\"data\",\"chartType\":\"counter\"}', 'counter', 'false', '[]', 35, 'chart20', 8000, '{\"fontColor\":\"rgba(255,255,255,1)\",\"fontSize\":32,\"fontWeight\":\"normal\",\"textAlign\":\"left\",\"backgroundColor\":\"rgba(255,255,255,0)\",\"thousandth\":true,\"unit\":{\"title\":\"%\",\"fontColor\":\"rgba(255, 255, 255, 0.7)\",\"fontSize\":16,\"fontWeight\":\"normal\"}}', 'false', 80, 1095, 213, 2);
INSERT INTO `view_chart_item` VALUES (1391, 69, '{\"dataSourceType\":\"DataBase\",\"database\":9,\"sql\":\"select * from template_1_tm_line\",\"x\":\"x\",\"y\":\"y\",\"legend\":\"legend\",\"chartType\":\"lineStacking\"}', 'lineStacking', 'false', '[]', 100, 'chart21', 8000, '{\"title\":{\"text\":\"堆叠折线图\",\"left\":\"center\",\"textStyle\":{\"color\":\"#fff\"},\"show\":false},\"grid\":{\"top\":\"\",\"left\":\"10\",\"right\":\"10\",\"bottom\":\"\",\"containLabel\":true},\"color\":[\"#E38092\",\"#FF64F4\"],\"legend\":{\"left\":\"1%\",\"top\":\"5%\",\"textStyle\":{\"color\":\"#fff\"},\"show\":false},\"tooltip\":{},\"dataset\":{\"source\":[[\"product\",\"1\",\"2\"],[\"01/01\",\"16\",\"30\"],[\"02/01\",\"18\",\"80\"],[\"03/01\",\"80\",\"20\"],[\"04/01\",\"40\",\"120\"],[\"05/01\",\"20\",\"70\"],[\"06/01\",\"200\",\"100\"],[\"07/01\",\"90\",\"70\"],[\"08/01\",\"20\",\"90\"],[\"09/01\",\"90\",\"30\"],[\"10/01\",\"60\",\"50\"]]},\"xAxis\":{\"name\":\"\",\"type\":\"category\",\"boundaryGap\":true,\"axisTick\":{\"show\":false},\"axisLabel\":{\"show\":true,\"textStyle\":{\"color\":\"#fff\"},\"rotate\":0},\"splitLine\":{\"show\":false,\"lineStyle\":{\"color\":\"#ffffff\"}},\"axisLine\":{\"show\":false,\"lineStyle\":{\"color\":\"#FFFFFF\"}}},\"yAxis\":{\"name\":\"\",\"type\":\"value\",\"axisTick\":{\"show\":false},\"axisLabel\":{\"show\":false,\"textStyle\":{\"color\":\"#fff\"}},\"splitLine\":{\"show\":false,\"lineStyle\":{\"color\":\"#ffffff\"}},\"splitArea\":{\"show\":false,\"areaStyle\":{\"color\":[\"rgba(250,250,250,0.3)\",\"rgba(200,200,200,0.3)\"]}},\"axisLine\":{\"show\":false,\"lineStyle\":{\"color\":\"#FFFFFF\"}}},\"series\":[{\"type\":\"line\",\"showSymbol\":false,\"smooth\":true},{\"type\":\"line\",\"showSymbol\":false,\"lineStyle\":{\"type\":\"dashed\"},\"smooth\":true}],\"backgroundColor\":\"rgba(255,255,255,0)\"}', 'false', 225, 1165, 160, 2);
INSERT INTO `view_chart_item` VALUES (1392, 69, '{\"dataSourceType\":\"DataBase\",\"database\":9,\"sql\":\"SELECT * FROM template_1_onn_sum WHERE type = \'sum\'\",\"data\":\"data\",\"chartType\":\"counter\"}', 'counter', 'false', '[]', 40, 'chart22', 8000, '{\"fontColor\":\"rgba(255,255,255,1)\",\"fontSize\":40,\"fontWeight\":\"normal\",\"textAlign\":\"left\",\"backgroundColor\":\"rgba(255,255,255,0)\",\"thousandth\":false,\"unit\":{\"title\":\"个\",\"fontColor\":\"rgba(255, 255, 255, 0.71)\",\"fontSize\":16,\"fontWeight\":\"normal\"}}', 'false', 95, 1440, 205, 2);
INSERT INTO `view_chart_item` VALUES (1393, 69, '{\"dataSourceType\":\"\",\"database\":\"\",\"fileName\":\"\",\"sql\":\"\",\"x\":\"\",\"name\":\"\"}', 'titleText', 'false', '[]', 30, 'chart23', 8000, '{\"title\":\"/\",\"fontColor\":\"rgba(255,255,255,1)\",\"fontSize\":22,\"fontWeight\":\"normal\",\"textAlign\":\"left\",\"backgroundColor\":\"rgba(255,255,255,0)\"}', 'false', 40, 1550, 222, 2);
INSERT INTO `view_chart_item` VALUES (1394, 69, '{\"dataSourceType\":\"DataBase\",\"database\":9,\"sql\":\"SELECT * FROM template_1_onn_sum WHERE type = \'ratio\'\",\"data\":\"data\",\"chartType\":\"counter\"}', 'counter', 'false', '[]', 35, 'chart24', 8000, '{\"fontColor\":\"rgba(255,255,255,1)\",\"fontSize\":32,\"fontWeight\":\"normal\",\"textAlign\":\"left\",\"backgroundColor\":\"rgba(255,255,255,0)\",\"thousandth\":true,\"unit\":{\"title\":\"%\",\"fontColor\":\"rgba(255, 255, 255, 0.7)\",\"fontSize\":16,\"fontWeight\":\"normal\"}}', 'false', 80, 1570, 213, 2);
INSERT INTO `view_chart_item` VALUES (1395, 69, '{\"dataSourceType\":\"DataBase\",\"database\":9,\"sql\":\"select * from template_1_onn_line\",\"x\":\"x\",\"y\":\"y\",\"legend\":\"legend\",\"chartType\":\"lineStacking\"}', 'lineStacking', 'false', '[]', 100, 'chart25', 8000, '{\"title\":{\"text\":\"堆叠折线图\",\"left\":\"center\",\"textStyle\":{\"color\":\"#fff\"},\"show\":false},\"grid\":{\"top\":\"\",\"left\":\"10\",\"right\":\"10\",\"bottom\":\"\",\"containLabel\":true},\"color\":[\"#E38092\",\"#FF64F4\"],\"legend\":{\"left\":\"1%\",\"top\":\"5%\",\"textStyle\":{\"color\":\"#fff\"},\"show\":false},\"tooltip\":{},\"dataset\":{\"source\":[[\"product\",\"1\",\"2\"],[\"01/01\",\"30\",\"30\"],[\"02/01\",\"160\",\"80\"],[\"03/01\",\"80\",\"20\"],[\"04/01\",\"90\",\"120\"],[\"05/01\",\"20\",\"70\"],[\"06/01\",\"190\",\"100\"],[\"07/01\",\"100\",\"70\"],[\"08/01\",\"150\",\"90\"],[\"09/01\",\"90\",\"30\"],[\"10/01\",\"60\",\"50\"]]},\"xAxis\":{\"name\":\"\",\"type\":\"category\",\"boundaryGap\":true,\"axisTick\":{\"show\":false},\"axisLabel\":{\"show\":true,\"textStyle\":{\"color\":\"#fff\"},\"rotate\":0},\"splitLine\":{\"show\":false,\"lineStyle\":{\"color\":\"#ffffff\"}},\"axisLine\":{\"show\":false,\"lineStyle\":{\"color\":\"#FFFFFF\"}}},\"yAxis\":{\"name\":\"\",\"type\":\"value\",\"axisTick\":{\"show\":false},\"axisLabel\":{\"show\":false,\"textStyle\":{\"color\":\"#fff\"}},\"splitLine\":{\"show\":false,\"lineStyle\":{\"color\":\"#ffffff\"}},\"splitArea\":{\"show\":false,\"areaStyle\":{\"color\":[\"rgba(250,250,250,0.3)\",\"rgba(200,200,200,0.3)\"]}},\"axisLine\":{\"show\":false,\"lineStyle\":{\"color\":\"#FFFFFF\"}}},\"series\":[{\"type\":\"line\",\"showSymbol\":false,\"smooth\":true},{\"type\":\"line\",\"showSymbol\":false,\"lineStyle\":{\"type\":\"dashed\"},\"smooth\":true}],\"backgroundColor\":\"rgba(255,255,255,0)\"}', 'false', 225, 1635, 160, 2);
INSERT INTO `view_chart_item` VALUES (1396, 69, '{\"dataSourceType\":\"DataBase\",\"database\":9,\"sql\":\"SELECT * FROM template_1_mcj_sum WHERE type = \'sum\'\",\"data\":\"data\",\"chartType\":\"counter\"}', 'counter', 'false', '[]', 30, 'chart26', 8000, '{\"fontColor\":\"rgba(255, 255, 255, 0.7)\",\"fontSize\":22,\"fontWeight\":\"normal\",\"textAlign\":\"left\",\"backgroundColor\":\"rgba(255,255,255,0)\",\"thousandth\":true,\"unit\":{\"title\":\"\",\"fontColor\":\"rgba(255,255,255,1)\",\"fontSize\":12,\"fontWeight\":\"normal\"}}', 'false', 105, 100, 360, 2);
INSERT INTO `view_chart_item` VALUES (1397, 69, '{\"dataSourceType\":\"\",\"database\":\"\",\"fileName\":\"\",\"sql\":\"\",\"x\":\"\",\"name\":\"\"}', 'titleText', 'false', '[]', 30, 'chart27', 8000, '{\"title\":\"同比\",\"fontColor\":\"rgba(255, 255, 255, 0.7)\",\"fontSize\":20,\"fontWeight\":\"normal\",\"textAlign\":\"left\",\"backgroundColor\":\"rgba(255,255,255,0)\"}', 'false', 60, 550, 360, 2);
INSERT INTO `view_chart_item` VALUES (1398, 69, '{\"dataSourceType\":\"DataBase\",\"database\":9,\"sql\":\"SELECT * FROM template_1_mcj_sum WHERE type = \'year_on_tear\'\",\"data\":\"data\",\"chartType\":\"counter\"}', 'counter', 'false', '[]', 30, 'chart28', 8000, '{\"fontColor\":\"rgba(255, 255, 255, 0.7)\",\"fontSize\":18,\"fontWeight\":\"normal\",\"textAlign\":\"left\",\"backgroundColor\":\"rgba(255,255,255,0)\",\"thousandth\":true,\"unit\":{\"title\":\"%\",\"fontColor\":\"rgba(255, 255, 255, 0.7)\",\"fontSize\":18,\"fontWeight\":\"normal\"}}', 'false', 60, 610, 360, 2);
INSERT INTO `view_chart_item` VALUES (1399, 69, '{\"dataSourceType\":\"\",\"database\":\"\",\"fileName\":\"\",\"sql\":\"\",\"x\":\"\",\"name\":\"\"}', 'titleText', 'false', '[]', 30, 'chart29', 8000, '{\"title\":\"环比\",\"fontColor\":\"rgba(255, 255, 255, 0.7)\",\"fontSize\":20,\"fontWeight\":\"normal\",\"textAlign\":\"left\",\"backgroundColor\":\"rgba(255,255,255,0)\"}', 'false', 60, 680, 360, 2);
INSERT INTO `view_chart_item` VALUES (1400, 69, '{\"dataSourceType\":\"DataBase\",\"database\":9,\"sql\":\"SELECT * FROM template_1_mcj_sum WHERE type = \'chain_ratio\'\",\"data\":\"data\",\"chartType\":\"counter\"}', 'counter', 'false', '[]', 30, 'chart30', 8000, '{\"fontColor\":\"rgba(255, 255, 255, 0.7)\",\"fontSize\":18,\"fontWeight\":\"normal\",\"textAlign\":\"left\",\"backgroundColor\":\"rgba(255,255,255,0)\",\"thousandth\":true,\"unit\":{\"title\":\"%\",\"fontColor\":\"rgba(255, 255, 255, 0.7)\",\"fontSize\":18,\"fontWeight\":\"normal\"}}', 'false', 60, 740, 360, 2);
INSERT INTO `view_chart_item` VALUES (1401, 69, '{\"dataSourceType\":\"DataBase\",\"database\":9,\"sql\":\"select * from template_1_mcj_line\",\"x\":\"x\",\"y\":\"y\",\"legend\":\"legend\",\"chartType\":\"lineStacking\"}', 'lineStacking', 'false', '[]', 275, 'chart31', 8000, '{\"title\":{\"text\":\"堆叠折线图\",\"left\":\"center\",\"textStyle\":{\"color\":\"#fff\"},\"show\":false},\"grid\":{\"top\":\"10\",\"left\":\"10\",\"right\":\"10\",\"bottom\":\"10\",\"containLabel\":true},\"color\":[\"#E38092\",\"#FF64F4\"],\"legend\":{\"left\":\"1%\",\"top\":\"5%\",\"textStyle\":{\"color\":\"#fff\"},\"show\":false},\"tooltip\":{},\"dataset\":{\"source\":[[\"product\",\"1\",\"2\"],[\"12/01\",\"60\",\"80\"],[\"02/01\",\"50\",\"80\"],[\"03/01\",\"60\",\"80\"],[\"04/01\",\"60\",\"150\"],[\"05/01\",\"100\",\"90\"],[\"06/01\",\"70\",\"130\"],[\"07/01\",\"150\",\"50\"],[\"08/01\",\"70\",\"20\"],[\"09/01\",\"20\",\"90\"],[\"10/01\",\"55\",\"130\"],[\"11/01\",\"220\",\"40\"],[\"01/01\",\"100\",\"70\"]]},\"xAxis\":{\"name\":\"\",\"type\":\"category\",\"boundaryGap\":true,\"axisTick\":{\"show\":false},\"axisLabel\":{\"show\":false,\"textStyle\":{\"color\":\"#fff\"},\"rotate\":0},\"splitLine\":{\"show\":false,\"lineStyle\":{\"color\":\"#ffffff\"}},\"axisLine\":{\"show\":false,\"lineStyle\":{\"color\":\"#FFFFFF\"}}},\"yAxis\":{\"name\":\"\",\"type\":\"value\",\"axisTick\":{\"show\":false},\"axisLabel\":{\"show\":true,\"textStyle\":{\"color\":\"#fff\"}},\"splitLine\":{\"show\":false,\"lineStyle\":{\"color\":\"#ffffff\"}},\"splitArea\":{\"show\":false,\"areaStyle\":{\"color\":[\"rgba(250,250,250,0.3)\",\"rgba(200,200,200,0.3)\"]}},\"axisLine\":{\"show\":false,\"lineStyle\":{\"color\":\"#FFFFFF\"}}},\"series\":[{\"type\":\"line\",\"showSymbol\":false,\"smooth\":true},{\"type\":\"line\",\"showSymbol\":false,\"lineStyle\":{\"type\":\"dashed\"},\"smooth\":true}],\"backgroundColor\":\"rgba(255,255,255,0)\"}', 'false', 775, 45, 405, 2);
INSERT INTO `view_chart_item` VALUES (1402, 69, '{\"dataSourceType\":\"DataBase\",\"database\":9,\"sql\":\"select name,value from template_1_jt_pie\",\"name\":\"name\",\"value\":\"value\",\"chartType\":\"pieRing\"}', 'pieRing', 'false', '[]', 250, 'chart32', 8000, '{\"lunbo\":\"0\",\"title\":{\"text\":\"任务类型分布\",\"left\":\"center\",\"top\":\"bottom\",\"textStyle\":{\"color\":\"#fff\"},\"show\":true},\"tooltip\":{\"trigger\":\"item\",\"formatter\":\"\"},\"color\":[\"#E99B9F\",\"#EE8287\",\"#BE69AC\",\"#9E5DB7\",\"#973CE4\"],\"legend\":{\"show\":false,\"orient\":\"vertical\",\"top\":0,\"left\":0,\"data\":[\"TYPE_1\",\"TYPE_2\",\"TYPE_3\",\"TYPE_4\",\"TYPE_5\"],\"textStyle\":{\"color\":\"#fff\"}},\"series\":[{\"name\":\"\",\"type\":\"pie\",\"radius\":[\"50%\",\"70%\"],\"center\":[\"50%\",\"40%\"],\"avoidLabelOverlap\":false,\"label\":{\"normal\":{\"show\":false,\"position\":\"center\"},\"emphasis\":{\"show\":true,\"textStyle\":{\"fontSize\":\"15\",\"fontWeight\":\"bold\"},\"formatter\":\"\"}},\"labelLine\":{\"normal\":{\"show\":false,\"lineStyle\":{\"color\":\"#ffffff\"},\"smooth\":0.2,\"length\":10,\"length2\":20}},\"data\":[{\"name\":\"TYPE_1\",\"value\":\"32\"},{\"name\":\"TYPE_2\",\"value\":\"54\"},{\"name\":\"TYPE_3\",\"value\":\"45\"},{\"name\":\"TYPE_4\",\"value\":\"12\"},{\"name\":\"TYPE_5\",\"value\":\"40\"}]}],\"backgroundColor\":\"rgba(255,255,255,0)\"}', 'false', 250, 900, 380, 2);
INSERT INTO `view_chart_item` VALUES (1403, 69, '{\"dataSourceType\":\"DataBase\",\"database\":9,\"sql\":\"select name,value from template_1_js_pie\",\"name\":\"name\",\"value\":\"value\",\"chartType\":\"pieRing\"}', 'pieRing', 'false', '[]', 250, 'chart33', 8000, '{\"lunbo\":\"0\",\"title\":{\"text\":\"成功任务比例\",\"left\":\"center\",\"top\":\"bottom\",\"textStyle\":{\"color\":\"#fff\"},\"show\":true},\"tooltip\":{\"trigger\":\"item\",\"formatter\":\"\"},\"color\":[\"#EE8287\",\"#9E5DB7\",\"#973CE4\"],\"legend\":{\"show\":false,\"orient\":\"vertical\",\"top\":0,\"left\":0,\"data\":[\"TYPE_1\",\"TYPE_2\"],\"textStyle\":{\"color\":\"#fff\"}},\"series\":[{\"name\":\"\",\"type\":\"pie\",\"radius\":[\"50%\",\"70%\"],\"center\":[\"50%\",\"40%\"],\"avoidLabelOverlap\":false,\"label\":{\"normal\":{\"show\":false,\"position\":\"center\"},\"emphasis\":{\"show\":true,\"textStyle\":{\"fontSize\":\"15\",\"fontWeight\":\"bold\"},\"formatter\":\"\"}},\"labelLine\":{\"normal\":{\"show\":false,\"lineStyle\":{\"color\":\"#ffffff\"},\"smooth\":0.2,\"length\":10,\"length2\":20}},\"data\":[{\"name\":\"TYPE_1\",\"value\":\"82\"},{\"name\":\"TYPE_2\",\"value\":\"18\"}]}],\"backgroundColor\":\"rgba(255,255,255,0)\"}', 'false', 250, 1210, 380, 2);
INSERT INTO `view_chart_item` VALUES (1404, 69, '{\"dataSourceType\":\"DataBase\",\"database\":9,\"sql\":\"SELECT * FROM template_1_tac_sum WHERE type = \'sum1\'\",\"data\":\"data\",\"chartType\":\"counter\"}', 'counter', 'false', '[]', 55, 'chart34', 8000, '{\"fontColor\":\"rgba(255,255,255,1)\",\"fontSize\":40,\"fontWeight\":\"normal\",\"textAlign\":\"left\",\"backgroundColor\":\"rgba(255,255,255,0)\",\"thousandth\":true,\"unit\":{\"title\":\"GB\",\"fontColor\":\"rgba(255, 255, 255, 0.7)\",\"fontSize\":16,\"fontWeight\":\"normal\"}}', 'false', 160, 1550, 360, 2);
INSERT INTO `view_chart_item` VALUES (1405, 69, '{\"dataSourceType\":\"DataBase\",\"database\":9,\"sql\":\"SELECT * FROM template_1_tac_sum WHERE type = \'sum2\'\",\"data\":\"data\",\"chartType\":\"counter\"}', 'counter', 'false', '[]', 55, 'chart35', 8000, '{\"fontColor\":\"rgba(255,255,255,1)\",\"fontSize\":40,\"fontWeight\":\"normal\",\"textAlign\":\"left\",\"backgroundColor\":\"rgba(255,255,255,0)\",\"thousandth\":true,\"unit\":{\"title\":\"GB\",\"fontColor\":\"rgba(255, 255, 255, 0.7)\",\"fontSize\":16,\"fontWeight\":\"normal\"}}', 'false', 120, 1750, 360, 2);
INSERT INTO `view_chart_item` VALUES (1406, 69, '{\"dataSourceType\":\"DataBase\",\"database\":9,\"sql\":\"select * from template_1_tac_histogram\",\"x\":\"x\",\"y\":\"y\",\"legend\":\"无\",\"chartType\":\"histogramStacking\"}', 'histogramStacking', 'false', '{}', 250, 'chart36', 8000, '{\"title\":{\"text\":\"堆叠柱状图\",\"left\":\"center\",\"textStyle\":{\"color\":\"#fff\"},\"show\":false},\"grid\":{\"left\":\"0\",\"right\":\"0\",\"bottom\":\"0\",\"containLabel\":true,\"top\":\"0\"},\"legend\":{\"left\":\"1%\",\"top\":\"5%\",\"textStyle\":{\"color\":\"#fff\"},\"show\":false},\"tooltip\":{},\"dataset\":{\"source\":[[\"product\"],[\"2月\",\"235\"],[\"3月\",\"156\"],[\"4月\",\"123\"],[\"5月\",\"423\"],[\"6月\",\"456\"],[\"7月\",\"356\"],[\"8月\",\"456\"],[\"9月\",\"853\"],[\"10月\",\"456\"],[\"11月\",\"456\"],[\"12月\",\"456\"]]},\"xAxis\":{\"name\":\"\",\"type\":\"category\",\"boundaryGap\":true,\"axisTick\":{\"show\":false},\"axisLabel\":{\"show\":true,\"textStyle\":{\"color\":\"#fff\"},\"rotate\":0,\"fontSize\":\"8px\"},\"splitLine\":{\"show\":false,\"lineStyle\":{\"color\":\"#ffffff\"}},\"axisLine\":{\"show\":false,\"lineStyle\":{\"color\":\"#FFFFFF\"}}},\"yAxis\":{\"name\":\"\",\"type\":\"value\",\"axisTick\":{\"show\":false},\"axisLabel\":{\"show\":false,\"textStyle\":{\"color\":\"#fff\"}},\"splitLine\":{\"show\":false,\"lineStyle\":{\"color\":\"#ffffff\"}},\"splitArea\":{\"show\":false,\"areaStyle\":{\"color\":[\"rgba(250,250,250,0.3)\",\"rgba(200,200,200,0.3)\"]}},\"axisLine\":{\"show\":false,\"lineStyle\":{\"color\":\"#FFFFFF\"}}},\"series\":[{\"type\":\"bar\",\"itemStyle\":{\"color\":{\"x\":0,\"y\":0,\"x2\":0,\"y2\":1,\"type\":\"linear\",\"global\":false,\"colorStops\":[{\"offset\":0,\"color\":\"#E38A99\"},{\"offset\":1,\"color\":\"#9E5DB7\"}]}},\"barWidth\":\"50%\"}],\"backgroundColor\":\"rgba(255,255,255,0)\"}', 'false', 350, 1530, 425, 2);
INSERT INTO `view_chart_item` VALUES (1407, 69, '{\"dataSourceType\":\"DataBase\",\"database\":9,\"sql\":\"select * from template_1_tsc_histogram\",\"y\":\"y\",\"x\":\"x\",\"chartType\":\"histogramGradientHorizontal\"}', 'histogramGradientHorizontal', 'false', '{}', 280, 'chart37', 8000, '{\"title\":{\"text\":\"水平柱状图\",\"left\":\"center\",\"textStyle\":{\"color\":\"#fff\"},\"show\":false},\"tooltip\":{\"trigger\":\"axis\",\"axisPointer\":{\"type\":\"shadow\"}},\"grid\":{\"left\":\"0\",\"right\":\"0\",\"bottom\":\"0\",\"containLabel\":true,\"top\":\"0\"},\"legend\":{\"show\":true,\"orient\":\"vertical\",\"data\":[],\"top\":\"0\",\"left\":\"0\",\"textStyle\":{\"color\":\"#ffffff\"}},\"xAxis\":{\"data\":[],\"name\":\"\",\"type\":\"value\",\"axisLabel\":{\"show\":false,\"textStyle\":{\"color\":\"#fff\"}},\"axisTick\":{\"show\":false},\"axisLine\":{\"show\":false,\"lineStyle\":{\"color\":\"#ffffff\"}},\"splitLine\":{\"show\":false,\"lineStyle\":{\"color\":\"#ffffff\"}}},\"yAxis\":{\"name\":\"\",\"type\":\"category\",\"axisTick\":{\"show\":false},\"axisLabel\":{\"show\":true,\"textStyle\":{\"color\":\"#fff\"}},\"axisLine\":{\"show\":false,\"lineStyle\":{\"color\":\"#ffffff\"}},\"splitLine\":{\"show\":false,\"lineStyle\":{\"color\":\"#ffffff\"}},\"data\":[\"上海\",\"深证\",\"合肥\",\"成都\",\"安徽\",\"北京\",\"杭州\",\"长沙\"]},\"series\":{\"name\":\"\",\"type\":\"bar\",\"itemStyle\":{\"color\":{\"x\":1,\"y\":0,\"x2\":0,\"y2\":0,\"type\":\"linear\",\"global\":false,\"colorStops\":[{\"offset\":0,\"color\":\"#E38A99\"},{\"offset\":1,\"color\":\"#9E5DB7\"}]}},\"barWidth\":\"50%\",\"data\":[23,13,2,9,5,10,14,24]},\"backgroundColor\":\"rgba(255,255,255,0)\"}', 'false', 385, 40, 775, 2);
INSERT INTO `view_chart_item` VALUES (1408, 69, '{\"dataSourceType\":\"DataBase\",\"database\":9,\"sql\":\"select area,pv,series1,attribute from template_1_rlt_list\",\"chartType\":\"rotationList\"}', 'rotationList', 'false', '[]', 290, 'chart38', 8000, '{\"column\":{\"height\":35,\"fontColor\":\"#ffffff\",\"fontSize\":13,\"show\":false},\"columnList\":[\"area\",\"pv\",\"series1\",\"attribute\"],\"columnWidthList\":[\"100px\",\"100px\",\"100px\",\"80px\"],\"data\":{\"height\":35,\"fontColor\":\"#e2e2e2\",\"fontSize\":14},\"speed\":3,\"rowNum\":8}', 'false', 390, 455, 775, 2);
INSERT INTO `view_chart_item` VALUES (1409, 69, '{\"dataSourceType\":\"DataBase\",\"database\":9,\"sql\":\"select area,pv,series1,attribute from template_1_rlt_list\",\"chartType\":\"rotationList\"}', 'rotationList', 'false', '[]', 300, 'chart39', 8000, '{\"column\":{\"show\":false,\"height\":35,\"fontColor\":\"#ffffff\",\"fontSize\":13},\"columnList\":[\"area\",\"pv\",\"series1\",\"attribute\"],\"columnWidthList\":[\"250px\",\"250px\",\"250px\",\"200px\"],\"data\":{\"height\":30,\"fontColor\":\"#e2e2e2\",\"fontSize\":12},\"speed\":3,\"rowNum\":10}', 'false', 980, 880, 760, 2);
INSERT INTO `view_chart_item` VALUES (1548, 72, '{\"dataSourceType\":\"DataBase\",\"database\":9,\"sql\":\"select * from template_2_map\",\"name\":\"name\",\"value\":\"value\",\"legend\":\"legend\",\"chartType\":\"mapChina\"}', 'mapChina', 'false', '[]', 700, 'chart0', 8000, '{\"title\":{\"text\":\"中国地图\",\"left\":\"center\",\"textStyle\":{\"color\":\"#fff\"},\"show\":false},\"grid\":{\"top\":\"60\",\"left\":\"1%\",\"right\":\"4%\",\"bottom\":\"10%\",\"containLabel\":true},\"tooltip\":{\"trigger\":\"item\"},\"legend\":{\"orient\":\"vertical\",\"left\":\"left\",\"data\":[\"人数\"],\"textStyle\":{\"color\":\"#fff\"},\"show\":false},\"visualMap\":{\"min\":5000,\"max\":10000,\"left\":\"left\",\"top\":\"bottom\",\"text\":[\"高\",\"低\"],\"calculable\":true,\"color\":[\"#711D8E\",\"#484CDC\",\"#24CBFF\"]},\"geo\":{\"map\":\"china\"},\"backgroundColor\":\"rgba(255,255,255,0)\",\"toolbox\":{\"feature\":{\"saveAsImage\":{}}},\"series\":[{\"name\":\"人数\",\"type\":\"map\",\"mapType\":\"china\",\"label\":{\"normal\":{\"show\":true},\"emphasis\":{\"show\":true}},\"data\":[{\"name\":\"北京\",\"value\":\"7040\"},{\"name\":\"天津\",\"value\":\"9876\"},{\"name\":\"上海\",\"value\":\"8278\"},{\"name\":\"重庆\",\"value\":\"8906\"},{\"name\":\"河北\",\"value\":\"9716\"},{\"name\":\"河南\",\"value\":\"5617\"},{\"name\":\"云南\",\"value\":\"7151\"},{\"name\":\"辽宁\",\"value\":\"6743\"},{\"name\":\"黑龙江\",\"value\":\"7202\"},{\"name\":\"湖南\",\"value\":\"9389\"},{\"name\":\"安徽\",\"value\":\"9485\"},{\"name\":\"山东\",\"value\":\"6896\"},{\"name\":\"新疆\",\"value\":\"7260\"},{\"name\":\"江苏\",\"value\":\"9821\"},{\"name\":\"浙江\",\"value\":\"7515\"},{\"name\":\"江西\",\"value\":\"5478\"},{\"name\":\"湖北\",\"value\":\"9371\"},{\"name\":\"广西\",\"value\":\"9802\"},{\"name\":\"甘肃\",\"value\":\"7963\"},{\"name\":\"山西\",\"value\":\"7768\"},{\"name\":\"内蒙古\",\"value\":\"6326\"},{\"name\":\"陕西\",\"value\":\"8913\"},{\"name\":\"吉林\",\"value\":\"8976\"},{\"name\":\"福建\",\"value\":\"6401\"},{\"name\":\"贵州\",\"value\":\"7137\"},{\"name\":\"广东\",\"value\":\"7612\"},{\"name\":\"青海\",\"value\":\"7889\"},{\"name\":\"西藏\",\"value\":\"8218\"},{\"name\":\"四川\",\"value\":\"5466\"},{\"name\":\"宁夏\",\"value\":\"7034\"},{\"name\":\"海南\",\"value\":\"5392\"},{\"name\":\"台湾\",\"value\":\"6428\"},{\"name\":\"香港\",\"value\":\"6802\"},{\"name\":\"澳门\",\"value\":\"6657\"}]}]}', 'false', 920, 75, 305, 13);
INSERT INTO `view_chart_item` VALUES (1549, 72, '{\"dataSourceType\":\"\",\"database\":\"\",\"fileName\":\"\",\"sql\":\"\",\"x\":\"\",\"name\":\"\"}', 'titleText', 'false', '[]', 45, 'chart1', 8000, '{\"title\":\"企业实时销售数据\",\"fontColor\":\"rgba(255,255,255,1)\",\"fontSize\":35,\"fontWeight\":\"normal\",\"textAlign\":\"center\",\"backgroundColor\":\"rgba(255,255,255,0)\"}', 'false', 285, 50, 30, 13);
INSERT INTO `view_chart_item` VALUES (1550, 72, '{\"dataSourceType\":\"\",\"database\":\"\",\"fileName\":\"\",\"sql\":\"\",\"x\":\"\",\"name\":\"\"}', 'titleText', 'false', '[]', 35, 'chart2', 8000, '{\"title\":\"销售总额\",\"fontColor\":\"rgba(115, 170, 229, 1)\",\"fontSize\":30,\"fontWeight\":\"normal\",\"textAlign\":\"center\",\"backgroundColor\":\"rgba(255,255,255,0)\"}', 'false', 125, 830, 185, 13);
INSERT INTO `view_chart_item` VALUES (1551, 72, '{\"dataSourceType\":\"\",\"database\":\"\",\"fileName\":\"\",\"sql\":\"\",\"x\":\"\",\"name\":\"\"}', 'titleText', 'false', '[]', 30, 'chart3', 8000, '{\"title\":\"同比增长\",\"fontColor\":\"rgba(115, 170, 229, 1)\",\"fontSize\":22,\"fontWeight\":\"normal\",\"textAlign\":\"center\",\"backgroundColor\":\"rgba(255,255,255,0)\"}', 'false', 95, 95, 245, 13);
INSERT INTO `view_chart_item` VALUES (1552, 72, '{\"dataSourceType\":\"\",\"database\":\"\",\"fileName\":\"\",\"sql\":\"\",\"x\":\"\",\"name\":\"\"}', 'titleText', 'false', '[]', 25, 'chart4', 8000, '{\"title\":\"一季度销售进度\",\"fontColor\":\"rgba(115, 170, 229, 1)\",\"fontSize\":20,\"fontWeight\":\"normal\",\"textAlign\":\"center\",\"backgroundColor\":\"rgba(255,255,255,0)\"}', 'false', 155, 1045, 35, 13);
INSERT INTO `view_chart_item` VALUES (1553, 72, '{\"dataSourceType\":\"\",\"database\":\"\",\"fileName\":\"\",\"sql\":\"\",\"x\":\"\",\"name\":\"\"}', 'titleText', 'false', '[]', 25, 'chart5', 8000, '{\"title\":\"品类销售额占比\",\"fontColor\":\"rgba(115, 170, 229, 1)\",\"fontSize\":20,\"fontWeight\":\"normal\",\"textAlign\":\"center\",\"backgroundColor\":\"rgba(255,255,255,0)\"}', 'false', 150, 1465, 35, 13);
INSERT INTO `view_chart_item` VALUES (1554, 72, '{\"dataSourceType\":\"\",\"database\":\"\",\"fileName\":\"\",\"sql\":\"\",\"x\":\"\",\"name\":\"\"}', 'titleText', 'false', '[]', 25, 'chart6', 8000, '{\"title\":\"销售品牌排名\",\"fontColor\":\"rgba(115, 170, 229, 1)\",\"fontSize\":20,\"fontWeight\":\"normal\",\"textAlign\":\"center\",\"backgroundColor\":\"rgba(255,255,255,0)\"}', 'false', 125, 1045, 395, 13);
INSERT INTO `view_chart_item` VALUES (1555, 72, '{\"dataSourceType\":\"\",\"database\":\"\",\"fileName\":\"\",\"sql\":\"\",\"x\":\"\",\"name\":\"\"}', 'titleText', 'false', '[]', 25, 'chart7', 8000, '{\"title\":\"城市销售额排名\",\"fontColor\":\"rgba(115, 170, 229, 1)\",\"fontSize\":20,\"fontWeight\":\"normal\",\"textAlign\":\"center\",\"backgroundColor\":\"rgba(255,255,255,0)\"}', 'false', 150, 1470, 395, 13);
INSERT INTO `view_chart_item` VALUES (1556, 72, '{\"dataSourceType\":\"\",\"database\":\"\",\"fileName\":\"\",\"sql\":\"\",\"x\":\"\",\"name\":\"\"}', 'titleText', 'false', '[]', 25, 'chart8', 8000, '{\"title\":\"品牌分布\",\"fontColor\":\"rgba(115, 170, 229, 1)\",\"fontSize\":20,\"fontWeight\":\"normal\",\"textAlign\":\"center\",\"backgroundColor\":\"rgba(255,255,255,0)\"}', 'false', 95, 1045, 725, 13);
INSERT INTO `view_chart_item` VALUES (1557, 72, '{\"dataSourceType\":\"\",\"database\":\"\",\"fileName\":\"\",\"sql\":\"\",\"x\":\"\",\"name\":\"\"}', 'titleText', 'false', '[]', 25, 'chart9', 8000, '{\"title\":\"核心城市销售增长额\",\"fontColor\":\"rgba(115, 170, 229, 1)\",\"fontSize\":20,\"fontWeight\":\"normal\",\"textAlign\":\"center\",\"backgroundColor\":\"rgba(255,255,255,0)\"}', 'false', 185, 1470, 685, 13);
INSERT INTO `view_chart_item` VALUES (1558, 72, '{\"dataSourceType\":\"DataBase\",\"database\":9,\"sql\":\"select * from template_2_sp_pie\",\"value\":\"value\",\"chartType\":\"piePercent\"}', 'piePercent', 'false', '[]', 205, 'chart10', 8000, '{\"title\":{\"text\":\"85%\",\"x\":\"center\",\"y\":\"center\",\"textStyle\":{\"color\":\"#98a0c4\",\"fontSize\":20}},\"series\":[{\"name\":\"main\",\"type\":\"pie\",\"radius\":[\"60%\",\"75%\"],\"center\":[\"50%\",\"50%\"],\"label\":{\"normal\":{\"show\":false}},\"data\":[{\"value\":85,\"itemStyle\":{\"normal\":{\"color\":\"rgba(119,96,246,1)\"}}},{\"value\":15,\"itemStyle\":{\"normal\":{\"color\":\"rgba(44,52,92,1)\"}}}]}],\"backgroundColor\":\"rgba(255,255,255,0)\"}', 'false', 410, 1040, 65, 13);
INSERT INTO `view_chart_item` VALUES (1559, 72, '{\"dataSourceType\":\"DataBase\",\"database\":9,\"sql\":\"select data from template_2_sv_count\",\"data\":\"data\",\"chartType\":\"counter\"}', 'counter', 'false', '[]', 45, 'chart11', 8000, '{\"fontColor\":\"rgba(255,255,255,1)\",\"fontSize\":25,\"fontWeight\":\"normal\",\"textAlign\":\"center\",\"backgroundColor\":\"rgba(255,255,255,0)\",\"thousandth\":true,\"prefix\":{\"title\":\"一季度销售额\",\"fontColor\":\"rgba(115, 170, 229, 1)\",\"fontSize\":18,\"fontWeight\":\"normal\"},\"unit\":{\"title\":\"万\",\"fontColor\":\"rgba(115, 170, 229, 1)\",\"fontSize\":18,\"fontWeight\":\"normal\"}}', 'false', 180, 1140, 270, 13);
INSERT INTO `view_chart_item` VALUES (1560, 72, '{\"dataSourceType\":\"\",\"database\":\"\",\"fileName\":\"\",\"sql\":\"\",\"x\":\"\",\"name\":\"\"}', 'titleText', 'false', '[]', 25, 'chart12', 8000, '{\"title\":\"同比增长\",\"fontColor\":\"rgba(115, 170, 229, 1)\",\"fontSize\":18,\"fontWeight\":\"normal\",\"textAlign\":\"center\",\"backgroundColor\":\"rgba(255,255,255,0)\"}', 'false', 80, 1140, 315, 13);
INSERT INTO `view_chart_item` VALUES (1561, 72, '{\"dataSourceType\":\"DataBase\",\"database\":9,\"sql\":\"select data from template_2_svg_count\",\"data\":\"data\",\"chartType\":\"counter\"}', 'counter', 'false', '[]', 30, 'chart13', 8000, '{\"fontColor\":\"rgba(255,255,255,1)\",\"fontSize\":25,\"fontWeight\":\"normal\",\"textAlign\":\"center\",\"backgroundColor\":\"rgba(255,255,255,0)\",\"thousandth\":true,\"prefix\":{\"title\":\"+\",\"fontColor\":\"rgba(231, 17, 17, 1)\",\"fontSize\":28,\"fontWeight\":\"normal\"},\"unit\":{\"title\":\"%\",\"fontColor\":\"rgba(255,255,255,1)\",\"fontSize\":25,\"fontWeight\":\"normal\"}}', 'false', 110, 1225, 310, 13);
INSERT INTO `view_chart_item` VALUES (1562, 72, '{\"dataSourceType\":\"DataBase\",\"database\":9,\"sql\":\"select name,value from template_2_ss_pie\",\"name\":\"name\",\"value\":\"value\",\"chartType\":\"pie2D\"}', 'pie2D', 'false', '[]', 315, 'chart14', 8000, '{\"lunbo\":\"0\",\"title\":{\"text\":\"2D饼图\",\"left\":\"center\",\"textStyle\":{\"color\":\"#fff\"},\"show\":false},\"color\":[\"#24CBFF\",\"#7760F6\",\"#484CDC\",\"#711D8E\"],\"tooltip\":{\"trigger\":\"item\"},\"legend\":{\"show\":true,\"orient\":\"horizontal\",\"top\":265,\"left\":55,\"data\":[\"数码类\",\"日用品\",\"快消类\",\"食品类\"],\"textStyle\":{\"color\":\"#fff\"}},\"series\":[{\"name\":\"访问来源\",\"type\":\"pie\",\"radius\":\"55%\",\"center\":[\"50%\",\"50%\"],\"data\":[{\"name\":\"数码类\",\"value\":\"371570\"},{\"name\":\"日用品\",\"value\":\"296016\"},{\"name\":\"快消类\",\"value\":\"161953\"},{\"name\":\"食品类\",\"value\":\"125822\"}],\"roseType\":\"angle\",\"label\":{\"normal\":{\"show\":false,\"position\":\"outside\",\"textStyle\":{\"color\":\"#ffffff\"}}},\"labelLine\":{\"normal\":{\"show\":false,\"lineStyle\":{\"color\":\"#ffffff\"},\"smooth\":0.2,\"length\":10,\"length2\":20}},\"itemStyle\":{\"normal\":{\"color\":\"\",\"shadowBlur\":200,\"shadowColor\":\"rgba(0,0,0,0)\"}},\"animationType\":\"scale\",\"animationEasing\":\"elasticOut\",\"avoidLabelOverlap\":true}],\"toolbox\":{\"feature\":{\"saveAsImage\":{}}},\"backgroundColor\":\"rgba(255,255,255,0)\"}', 'false', 410, 1465, 65, 13);
INSERT INTO `view_chart_item` VALUES (1563, 72, '{\"dataSourceType\":\"DataBase\",\"database\":9,\"sql\":\"select * from template_2_sbr_histogram\",\"y\":\"y\",\"x\":\"x\",\"chartType\":\"histogramGradientHorizontal\"}', 'histogramGradientHorizontal', 'false', '{}', 285, 'chart15', 8000, '{\"title\":{\"text\":\"水平柱状图\",\"left\":\"center\",\"textStyle\":{\"color\":\"#fff\"},\"show\":false},\"color\":[\"#24CBFF\"],\"tooltip\":{\"trigger\":\"axis\",\"axisPointer\":{\"type\":\"shadow\"}},\"grid\":{\"left\":\"5%\",\"right\":\"5%\",\"bottom\":\"5%\",\"containLabel\":true,\"top\":\"5%\"},\"legend\":{\"show\":true,\"orient\":\"vertical\",\"data\":[],\"top\":\"0\",\"left\":\"0\",\"textStyle\":{\"color\":\"#ffffff\"}},\"xAxis\":{\"data\":[],\"name\":\"\",\"type\":\"value\",\"axisLabel\":{\"show\":true,\"textStyle\":{\"color\":\"#fff\"}},\"axisTick\":{\"show\":false},\"axisLine\":{\"show\":true,\"lineStyle\":{\"color\":\"#ffffff\"}},\"splitLine\":{\"show\":false,\"lineStyle\":{\"color\":\"#ffffff\"}}},\"yAxis\":{\"name\":\"\",\"type\":\"category\",\"axisTick\":{\"show\":false},\"axisLabel\":{\"show\":true,\"textStyle\":{\"color\":\"#fff\"}},\"axisLine\":{\"show\":true,\"lineStyle\":{\"color\":\"#ffffff\"}},\"splitLine\":{\"show\":false,\"lineStyle\":{\"color\":\"#ffffff\"}},\"data\":[\"三星\",\"vivo\",\"oppo\",\"华为\",\"小米\",\"iPhone\"]},\"toolbox\":{\"feature\":{\"saveAsImage\":{}}},\"series\":{\"name\":\"\",\"type\":\"bar\",\"barWidth\":\"40%\",\"data\":[641731,775032,802838,954719,1281971,1570755],\"itemStyle\":{\"normal\":{\"barBorderRadius\":[80,80,80,80]}}},\"backgroundColor\":\"rgba(255,255,255,0)\"}', 'false', 410, 1040, 430, 13);
INSERT INTO `view_chart_item` VALUES (1564, 72, '{\"dataSourceType\":\"DataBase\",\"database\":9,\"sql\":\"select * from template_2_sr_histogram\",\"y\":\"y\",\"x\":\"x\",\"chartType\":\"histogramGradient\"}', 'histogramGradient', 'false', '{}', 235, 'chart16', 8000, '{\"title\":{\"text\":\"渐变柱状图\",\"left\":\"center\",\"textStyle\":{\"color\":\"#fff\"},\"show\":false},\"legend\":{\"show\":false},\"backgroundColor\":\"\",\"grid\":{\"left\":\"3%\",\"right\":\"5%\",\"bottom\":\"5%\",\"containLabel\":true,\"top\":\"10%\"},\"xAxis\":{\"data\":[\"北京\",\"上海\",\"杭州\",\"深圳\",\"广州\",\"连云港\"],\"name\":\"\",\"axisTick\":{\"show\":false},\"axisLine\":{\"show\":true,\"lineStyle\":{\"color\":\"#ffffff\"}},\"splitLine\":{\"show\":false,\"lineStyle\":{\"color\":\"#ffffff\"}},\"axisLabel\":{\"show\":true,\"inside\":false,\"textStyle\":{\"color\":\"#fff\"},\"rotate\":0,\"interval\":0},\"z\":10},\"yAxis\":{\"name\":\"\",\"axisTick\":{\"show\":false},\"axisLine\":{\"show\":true,\"lineStyle\":{\"color\":\"#ffffff\"}},\"splitLine\":{\"show\":false,\"lineStyle\":{\"color\":\"#ffffff\"}},\"axisLabel\":{\"show\":true,\"textStyle\":{\"color\":\"#fff\"}}},\"dataZoom\":[{\"type\":\"inside\"}],\"toolbox\":{\"feature\":{\"saveAsImage\":{}}},\"series\":[{\"type\":\"bar\",\"itemStyle\":{\"normal\":{\"color\":\"rgba(255,255,255,0)\"}},\"barWidth\":\"30%\",\"barGap\":\"-100%\",\"barCategoryGap\":\"0\",\"data\":[[1339783],[1339783],[1339783],[1339783],[1339783],[1339783]],\"animation\":false},{\"type\":\"bar\",\"barWidth\":\"35%\",\"itemStyle\":{\"normal\":{\"color\":{\"x\":0,\"y\":0,\"x2\":0,\"y2\":1,\"type\":\"linear\",\"global\":false,\"colorStops\":[{\"offset\":0,\"color\":\"#24CBFF\"},{\"offset\":0.5,\"color\":\"#24CBFF\"},{\"offset\":1,\"color\":\"#24CBFF\"}]},\"barBorderRadius\":[80,80,80,80]},\"emphasis\":{\"color\":{\"x\":0,\"y\":0,\"x2\":0,\"y2\":1,\"type\":\"linear\",\"global\":false,\"colorStops\":[{\"offset\":0,\"color\":\"#24CBFF\"},{\"offset\":0.7,\"color\":\"#24CBFF\"},{\"offset\":1,\"color\":\"#24CBFF\"}]}}},\"data\":[1339783,1394842,786996,550908,612633,668681]}]}', 'false', 410, 1465, 430, 13);
INSERT INTO `view_chart_item` VALUES (1565, 72, '{\"dataSourceType\":\"DataBase\",\"database\":9,\"sql\":\"select * from template_2_bd_histogram\",\"y\":\"y\",\"x\":\"x\",\"chartType\":\"histogramGradient\"}', 'histogramGradient', 'false', '{}', 275, 'chart17', 8000, '{\"title\":{\"text\":\"渐变柱状图\",\"left\":\"center\",\"textStyle\":{\"color\":\"#fff\"},\"show\":false},\"legend\":{\"show\":false},\"backgroundColor\":\"\",\"grid\":{\"left\":\"10%\",\"right\":\"10%\",\"bottom\":\"5%\",\"containLabel\":true,\"top\":\"15%\"},\"xAxis\":{\"data\":[\"苹果\",\"三星\",\"华为\",\"oppo\",\"vivo\",\"小米\"],\"name\":\"\",\"axisTick\":{\"show\":false},\"axisLine\":{\"show\":false,\"lineStyle\":{\"color\":\"#ffffff\"}},\"splitLine\":{\"show\":false,\"lineStyle\":{\"color\":\"#ffffff\"}},\"axisLabel\":{\"show\":true,\"inside\":false,\"textStyle\":{\"color\":\"#fff\"},\"rotate\":0,\"interval\":0},\"z\":10},\"yAxis\":{\"name\":\"\",\"axisTick\":{\"show\":false},\"axisLine\":{\"show\":false,\"lineStyle\":{\"color\":\"#ffffff\"}},\"splitLine\":{\"show\":false,\"lineStyle\":{\"color\":\"#ffffff\"}},\"axisLabel\":{\"show\":false,\"textStyle\":{\"color\":\"#fff\"}}},\"dataZoom\":[{\"type\":\"inside\"}],\"toolbox\":{\"feature\":{\"saveAsImage\":{}}},\"color\":[\"#24CBFF\"],\"series\":[{\"type\":\"pictorialBar\",\"itemStyle\":{\"normal\":{\"color\":\"rgba(255,255,255,0)\"}},\"barWidth\":\"30%\",\"barGap\":\"-100%\",\"barCategoryGap\":\"0\",\"data\":[[9102],[9102],[9102],[9102],[9102],[9102]],\"animation\":false},{\"type\":\"pictorialBar\",\"barCategoryGap\":\"-130%\",\"symbol\":\"path://M0,10 L10,10 C5.5,10 5.5,5 5,0 C4.5,5 4.5,10 0,10 z\",\"itemStyle\":{\"normal\":{\"opacity\":\"0.7\"},\"emphasis\":{\"itemStyle\":{\"opacity\":\"1\"}}},\"data\":[9896,8663,7458,9102,5114,8722]}]}', 'false', 410, 1040, 755, 13);
INSERT INTO `view_chart_item` VALUES (1566, 72, '{\"dataSourceType\":\"DataBase\",\"database\":9,\"sql\":\"select * from template_2_sg_line\",\"x\":\"x\",\"y\":\"y\",\"legend\":\"legend\",\"chartType\":\"lineStacking\"}', 'lineStacking', 'false', '[]', 310, 'chart18', 8000, '{\"title\":{\"text\":\"堆叠折线图\",\"left\":\"center\",\"textStyle\":{\"color\":\"#fff\"},\"show\":false},\"grid\":{\"top\":\"10%\",\"left\":\"5%\",\"right\":\"5%\",\"bottom\":\"5%\",\"containLabel\":true},\"legend\":{\"left\":\"1%\",\"top\":\"5%\",\"textStyle\":{\"color\":\"#fff\"},\"show\":false},\"tooltip\":{},\"dataset\":{\"source\":[[\"product\",\"北京\",\"上海\"],[\"2014\",\"883192\",\"710627\"],[\"2015\",\"643885\",\"358548\"],[\"2016\",\"658223\",\"707107\"],[\"2017\",\"521328\",\"316168\"],[\"2018\",\"833451\",\"485196\"]]},\"xAxis\":{\"name\":\"\",\"type\":\"category\",\"boundaryGap\":true,\"axisTick\":{\"show\":false},\"axisLabel\":{\"show\":true,\"textStyle\":{\"color\":\"#fff\"},\"rotate\":0},\"splitLine\":{\"show\":false,\"lineStyle\":{\"color\":\"#ffffff\"}},\"axisLine\":{\"show\":true,\"lineStyle\":{\"color\":\"#FFFFFF\"}}},\"yAxis\":{\"name\":\"\",\"type\":\"value\",\"axisTick\":{\"show\":false},\"axisLabel\":{\"show\":false,\"textStyle\":{\"color\":\"#fff\"}},\"splitLine\":{\"show\":false,\"lineStyle\":{\"color\":\"#ffffff\"}},\"splitArea\":{\"show\":false,\"areaStyle\":{\"color\":[\"rgba(250,250,250,0.3)\",\"rgba(200,200,200,0.3)\"]}},\"axisLine\":{\"show\":false,\"lineStyle\":{\"color\":\"#FFFFFF\"}}},\"toolbox\":{\"feature\":{\"saveAsImage\":{}}},\"color\":[\"#24CBFF\",\"#7760F6\"],\"series\":[{\"type\":\"line\"},{\"type\":\"line\"}],\"backgroundColor\":\"rgba(255,255,255,0)\"}', 'false', 405, 1465, 720, 13);
INSERT INTO `view_chart_item` VALUES (1664, 74, '{\"dataSourceType\":\"DataBase\",\"database\":9,\"sql\":\"select * from template_4_data1_histogram\",\"y\":\"y\",\"x\":\"x\",\"chartType\":\"histogramGradient\"}', 'histogramGradient', 'false', '{}', 200, 'chart0', 8000, '{\"title\":{\"text\":\"渐变柱状图\",\"left\":\"center\",\"textStyle\":{\"color\":\"#fff\"},\"show\":false},\"legend\":{\"show\":false},\"backgroundColor\":\"\",\"grid\":{\"left\":\"0\",\"right\":\"0\",\"bottom\":\"0\",\"containLabel\":true,\"top\":\"5%\"},\"xAxis\":{\"data\":[\"一月\",\"二月\",\"三月\",\"四月\",\"五月\"],\"name\":\"\",\"axisTick\":{\"show\":false},\"axisLine\":{\"show\":true,\"lineStyle\":{\"color\":\"#ffffff\"}},\"splitLine\":{\"show\":false,\"lineStyle\":{\"color\":\"#ffffff\"}},\"axisLabel\":{\"show\":true,\"inside\":false,\"textStyle\":{\"color\":\"#fff\"},\"rotate\":0,\"interval\":0},\"z\":10},\"yAxis\":{\"name\":\"\",\"axisTick\":{\"show\":false},\"axisLine\":{\"show\":true,\"lineStyle\":{\"color\":\"#ffffff\"}},\"splitLine\":{\"show\":false,\"lineStyle\":{\"color\":\"#ffffff\"}},\"axisLabel\":{\"show\":true,\"textStyle\":{\"color\":\"#fff\"}}},\"dataZoom\":[{\"type\":\"inside\"}],\"toolbox\":{\"feature\":{\"saveAsImage\":{}}},\"color\":[\"#00C8DC\"],\"series\":[{\"type\":\"bar\",\"itemStyle\":{\"normal\":{\"color\":\"rgba(255,255,255,0)\"}},\"barWidth\":\"30%\",\"barGap\":\"-100%\",\"barCategoryGap\":\"0\",\"data\":[[120],[120],[120],[120],[120]],\"animation\":false},{\"type\":\"bar\",\"barWidth\":\"40%\",\"itemStyle\":{\"normal\":{\"color\":{\"x\":0,\"y\":0,\"x2\":0,\"y2\":1,\"type\":\"linear\",\"global\":false,\"colorStops\":[{\"offset\":0,\"color\":\"#00C8DC\"},{\"offset\":0.5,\"color\":\"#00C8DC\"},{\"offset\":1,\"color\":\"#00C8DC\"}]}},\"emphasis\":{\"color\":{\"x\":0,\"y\":0,\"x2\":0,\"y2\":1,\"type\":\"linear\",\"global\":false,\"colorStops\":[{\"offset\":0,\"color\":\"#00C8DC\"},{\"offset\":0.7,\"color\":\"#00C8DC\"},{\"offset\":1,\"color\":\"#00C8DC\"}]}}},\"data\":[90,40,180,80,120]}]}', 'false', 315, 80, 190, 12);
INSERT INTO `view_chart_item` VALUES (1665, 74, '{\"dataSourceType\":\"\",\"database\":\"\",\"fileName\":\"\",\"sql\":\"\",\"x\":\"\",\"name\":\"\"}', 'titleText', 'false', '[]', 25, 'chart1', 8000, '{\"title\":\"数据标题\",\"fontColor\":\"rgba(255,255,255,1)\",\"fontSize\":20,\"fontWeight\":\"normal\",\"textAlign\":\"left\",\"backgroundColor\":\"rgba(255,255,255,0)\"}', 'false', 105, 80, 120, 12);
INSERT INTO `view_chart_item` VALUES (1666, 74, '{\"dataSourceType\":\"DataBase\",\"database\":9,\"sql\":\"select * from template_4_data2_histogram\",\"y\":\"y\",\"x\":\"x\",\"chartType\":\"histogramGradientHorizontal\"}', 'histogramGradientHorizontal', 'false', '{}', 200, 'chart2', 8000, '{\"title\":{\"text\":\"水平柱状图\",\"left\":\"center\",\"textStyle\":{\"color\":\"#fff\"},\"show\":false},\"tooltip\":{\"trigger\":\"axis\",\"axisPointer\":{\"type\":\"shadow\"}},\"grid\":{\"left\":\"0\",\"right\":\"5%\",\"bottom\":\"0\",\"containLabel\":true,\"top\":\"0\"},\"legend\":{\"show\":true,\"orient\":\"vertical\",\"data\":[],\"top\":\"0\",\"left\":\"0\",\"textStyle\":{\"color\":\"#ffffff\"}},\"xAxis\":{\"data\":[],\"name\":\"\",\"type\":\"value\",\"axisLabel\":{\"show\":true,\"textStyle\":{\"color\":\"#fff\"}},\"axisTick\":{\"show\":false},\"axisLine\":{\"show\":true,\"lineStyle\":{\"color\":\"#ffffff\"}},\"splitLine\":{\"show\":false,\"lineStyle\":{\"color\":\"#ffffff\"}}},\"yAxis\":{\"name\":\"\",\"type\":\"category\",\"axisTick\":{\"show\":false},\"axisLabel\":{\"show\":true,\"textStyle\":{\"color\":\"#fff\"}},\"axisLine\":{\"show\":true,\"lineStyle\":{\"color\":\"#ffffff\"}},\"splitLine\":{\"show\":false,\"lineStyle\":{\"color\":\"#ffffff\"}},\"data\":[\"一月\",\"二月\",\"三月\",\"四月\"]},\"toolbox\":{\"feature\":{\"saveAsImage\":{}}},\"color\":[\"#5F5FFF\"],\"series\":{\"name\":\"\",\"type\":\"bar\",\"barWidth\":\"40%\",\"data\":[80,50,160,120]},\"backgroundColor\":\"rgba(255,255,255,0)\"}', 'false', 315, 80, 520, 12);
INSERT INTO `view_chart_item` VALUES (1667, 74, '{\"dataSourceType\":\"\",\"database\":\"\",\"fileName\":\"\",\"sql\":\"\",\"x\":\"\",\"name\":\"\"}', 'titleText', 'false', '[]', 25, 'chart3', 8000, '{\"title\":\"数据标题\",\"fontColor\":\"rgba(255,255,255,1)\",\"fontSize\":20,\"fontWeight\":\"normal\",\"textAlign\":\"left\",\"backgroundColor\":\"rgba(255,255,255,0)\"}', 'false', 105, 80, 465, 12);
INSERT INTO `view_chart_item` VALUES (1668, 74, '{\"dataSourceType\":\"DataBase\",\"database\":9,\"sql\":\"select name,value from template_4_data3_pie\",\"name\":\"name\",\"value\":\"value\",\"chartType\":\"pieRing\"}', 'pieRing', 'false', '[]', 160, 'chart4', 8000, '{\"lunbo\":\"0\",\"title\":{\"text\":\"环形饼图\",\"left\":\"center\",\"top\":\"top\",\"textStyle\":{\"color\":\"#fff\"},\"show\":false},\"tooltip\":{\"trigger\":\"item\",\"formatter\":\"\"},\"color\":[\"#006EFF\",\"#5F5FFF\",\"#00C8DC\"],\"legend\":{\"show\":false,\"orient\":\"vertical\",\"top\":0,\"left\":0,\"data\":[\"500元以下\",\"1K~2K元\",\"0.5K~1K元\"],\"textStyle\":{\"color\":\"#fff\"}},\"series\":[{\"name\":\"\",\"type\":\"pie\",\"radius\":[\"70%\",\"100%\"],\"center\":[\"50%\",\"50%\"],\"avoidLabelOverlap\":false,\"label\":{\"normal\":{\"show\":false,\"position\":\"center\"},\"emphasis\":{\"show\":true,\"textStyle\":{\"fontSize\":\"15\",\"fontWeight\":\"bold\"},\"formatter\":\"\"}},\"labelLine\":{\"normal\":{\"show\":false,\"lineStyle\":{\"color\":\"#ffffff\"},\"smooth\":0.2,\"length\":10,\"length2\":20}},\"data\":[{\"name\":\"500元以下\",\"value\":\"1800\"},{\"name\":\"1K~2K元\",\"value\":\"1200\"},{\"name\":\"0.5K~1K元\",\"value\":\"600\"}]}],\"toolbox\":{\"feature\":{\"saveAsImage\":{}}},\"backgroundColor\":\"rgba(255,255,255,0)\"}', 'false', 335, 70, 850, 12);
INSERT INTO `view_chart_item` VALUES (1669, 74, '{\"dataSourceType\":\"\",\"database\":\"\",\"fileName\":\"\",\"sql\":\"\",\"x\":\"\",\"name\":\"\"}', 'titleText', 'false', '[]', 25, 'chart5', 8000, '{\"title\":\"数据标题\",\"fontColor\":\"rgba(255,255,255,1)\",\"fontSize\":20,\"fontWeight\":\"normal\",\"textAlign\":\"left\",\"backgroundColor\":\"rgba(255,255,255,0)\"}', 'false', 105, 80, 800, 12);
INSERT INTO `view_chart_item` VALUES (1670, 74, '{\"dataSourceType\":\"DataBase\",\"database\":9,\"sql\":\"select * from template_4_data4_map\",\"name\":\"name\",\"value\":\"value\",\"legend\":\"legend\",\"chartType\":\"mapChina\"}', 'mapChina', 'false', '[]', 680, 'chart6', 8000, '{\"title\":{\"text\":\"中国地图\",\"left\":\"center\",\"textStyle\":{\"color\":\"#fff\"},\"show\":false},\"grid\":{\"top\":\"\",\"left\":\"\",\"right\":\"\",\"bottom\":\"\",\"containLabel\":true},\"tooltip\":{\"trigger\":\"item\"},\"legend\":{\"orient\":\"vertical\",\"left\":\"left\",\"data\":[\"thermal\"],\"textStyle\":{\"color\":\"#fff\"},\"show\":false},\"visualMap\":{\"show\":false,\"min\":50,\"max\":550,\"left\":\"left\",\"top\":\"bottom\",\"text\":[\"高\",\"低\"],\"color\":[\"#00C8DC\",\"#080B19\"],\"calculable\":true},\"geo\":{\"map\":\"china\",\"itemStyle\":{\"areaColor\":\"#323c48\",\"borderColor\":\"#111\"}},\"backgroundColor\":\"rgba(255,255,255,0)\",\"toolbox\":{\"feature\":{\"saveAsImage\":{}}},\"series\":[{\"name\":\"thermal\",\"type\":\"map\",\"mapType\":\"china\",\"label\":{\"normal\":{\"show\":false,\"textStyle\":{\"color\":\"#ffffff\"}},\"emphasis\":{\"show\":false,\"textStyle\":{\"color\":\"#ffffff\"}}},\"itemStyle\":{\"normal\":{\"color\":\"transparent\",\"areaColor\":\"#080B19\",\"borderColor\":\"#00C8DC\"},\"emphasis\":{\"areaColor\":\"#1B2D4D\"}},\"data\":[{\"name\":\"四川\",\"value\":\"100\"},{\"name\":\"广东\",\"value\":\"200\"},{\"name\":\"香港\",\"value\":\"300\"},{\"name\":\"上海\",\"value\":\"250\"},{\"name\":\"青海\",\"value\":\"50\"},{\"name\":\"重庆\",\"value\":\"350\"},{\"name\":\"山东\",\"value\":\"450\"},{\"name\":\"辽宁\",\"value\":\"550\"}]}]}', 'false', 955, 480, 105, 12);
INSERT INTO `view_chart_item` VALUES (1671, 74, '{\"dataSourceType\":\"\",\"database\":\"\",\"fileName\":\"\",\"sql\":\"\",\"x\":\"\",\"name\":\"\"}', 'titleText', 'false', '[]', 25, 'chart7', 8000, '{\"title\":\"总销量\",\"fontColor\":\"rgba(255,255,255,1)\",\"fontSize\":20,\"fontWeight\":\"normal\",\"textAlign\":\"left\",\"backgroundColor\":\"rgba(255,255,255,0)\"}', 'false', 65, 505, 200, 12);
INSERT INTO `view_chart_item` VALUES (1672, 74, '{\"dataSourceType\":\"DataBase\",\"database\":9,\"sql\":\"select data from template_4_data4_sum\",\"data\":\"data\",\"chartType\":\"counter\"}', 'counter', 'false', '[]', 45, 'chart8', 8000, '{\"fontColor\":\"rgba(255,255,255,1)\",\"fontSize\":40,\"fontWeight\":\"normal\",\"textAlign\":\"left\",\"backgroundColor\":\"rgba(255,255,255,0)\",\"thousandth\":true,\"prefix\":{\"title\":\"\",\"fontColor\":\"rgba(255,255,255,1)\",\"fontSize\":12,\"fontWeight\":\"normal\"},\"unit\":{\"title\":\"\",\"fontColor\":\"rgba(255,255,255,1)\",\"fontSize\":12,\"fontWeight\":\"normal\"}}', 'false', 235, 505, 140, 12);
INSERT INTO `view_chart_item` VALUES (1673, 74, '{\"dataSourceType\":\"DataBase\",\"database\":9,\"sql\":\"select x,y,legend from template_4_data5_line\",\"x\":\"x\",\"y\":\"y\",\"legend\":\"legend\",\"chartType\":\"lineStackingArea\"}', 'lineStackingArea', 'false', '[]', 185, 'chart9', 8000, '{\"title\":{\"text\":\"堆叠面积图\",\"left\":\"center\",\"textStyle\":{\"color\":\"#fff\"},\"show\":false},\"grid\":{\"left\":\"0\",\"right\":\"5%\",\"bottom\":\"0\",\"containLabel\":true},\"tooltip\":{\"trigger\":\"axis\"},\"legend\":{\"show\":false,\"data\":[\"data\"],\"orient\":\"vertical\",\"left\":0,\"top\":0,\"textStyle\":{\"color\":\"#fff\"}},\"showSymbol\":\"true\",\"xAxis\":{\"name\":\"\",\"type\":\"category\",\"boundaryGap\":false,\"data\":[\"一月\",\"二月\",\"三月\",\"四月\",\"五月\",\"六月\",\"七月\"],\"axisTick\":{\"show\":false},\"axisLabel\":{\"show\":true,\"textStyle\":{\"color\":\"#fff\"},\"rotate\":0},\"splitLine\":{\"show\":false,\"lineStyle\":{\"color\":\"#ffffff\"}},\"axisLine\":{\"show\":false,\"lineStyle\":{\"color\":\"#FFFFFF\"}}},\"yAxis\":{\"name\":\"\",\"type\":\"value\",\"axisTick\":{\"show\":false},\"axisLabel\":{\"show\":true,\"textStyle\":{\"color\":\"#fff\"}},\"splitLine\":{\"show\":false,\"lineStyle\":{\"color\":\"#ffffff\"}},\"splitArea\":{\"show\":false,\"areaStyle\":{\"color\":[\"rgba(250,250,250,0.3)\"]}},\"axisLine\":{\"show\":false,\"lineStyle\":{\"color\":\"#FFFFFF\"}}},\"color\":[\"#00C8DC\"],\"series\":[{\"name\":\"data\",\"type\":\"line\",\"data\":[600,80,680,1200,600,400,800],\"areaStyle\":{\"color\":\"rgba(0,200,220,0.17)\"},\"smooth\":true,\"symbol\":\"none\"}],\"backgroundColor\":\"rgba(255,255,255,0)\"}', 'false', 895, 505, 815, 12);
INSERT INTO `view_chart_item` VALUES (1674, 74, '{\"dataSourceType\":\"\",\"database\":\"\",\"fileName\":\"\",\"sql\":\"\",\"x\":\"\",\"name\":\"\"}', 'titleText', 'false', '[]', 25, 'chart10', 8000, '{\"title\":\"数据标题\",\"fontColor\":\"rgba(255,255,255,1)\",\"fontSize\":20,\"fontWeight\":\"normal\",\"textAlign\":\"left\",\"backgroundColor\":\"rgba(255,255,255,0)\"}', 'false', 105, 505, 800, 12);
INSERT INTO `view_chart_item` VALUES (1675, 74, '{\"dataSourceType\":\"DataBase\",\"database\":9,\"sql\":\"select x,y,legend from template_4_data6_line\",\"x\":\"x\",\"y\":\"y\",\"legend\":\"legend\",\"chartType\":\"lineStackingArea\"}', 'lineStackingArea', 'false', '[]', 205, 'chart11', 8000, '{\"title\":{\"text\":\"堆叠面积图\",\"left\":\"center\",\"textStyle\":{\"color\":\"#fff\"},\"show\":false},\"grid\":{\"top\":\"5%\",\"left\":\"0\",\"right\":\"5%\",\"bottom\":\"0\",\"containLabel\":true},\"tooltip\":{\"trigger\":\"axis\"},\"legend\":{\"show\":false,\"data\":[\"data1\",\"data2\"],\"orient\":\"vertical\",\"left\":0,\"top\":0,\"textStyle\":{\"color\":\"#fff\"}},\"xAxis\":{\"name\":\"\",\"type\":\"category\",\"boundaryGap\":false,\"data\":[\"一月\",\"二月\",\"三月\",\"四月\",\"五月\",\"六月\"],\"axisTick\":{\"show\":false},\"axisLabel\":{\"show\":true,\"textStyle\":{\"color\":\"#fff\"},\"rotate\":0},\"splitLine\":{\"show\":false,\"lineStyle\":{\"color\":\"#ffffff\"}},\"axisLine\":{\"show\":false,\"lineStyle\":{\"color\":\"#FFFFFF\"}}},\"yAxis\":{\"name\":\"\",\"type\":\"value\",\"axisTick\":{\"show\":false},\"axisLabel\":{\"show\":true,\"textStyle\":{\"color\":\"#fff\"}},\"splitLine\":{\"show\":false,\"lineStyle\":{\"color\":\"#ffffff\"}},\"splitArea\":{\"show\":false,\"areaStyle\":{\"color\":[\"rgba(250,250,250,0.3)\",\"rgba(200,200,200,0.3)\"]}},\"axisLine\":{\"show\":false,\"lineStyle\":{\"color\":\"#FFFFFF\"}}},\"color\":[\"#6E3CFF\",\"#36E3FF\"],\"series\":[{\"name\":\"data1\",\"type\":\"line\",\"symbol\":\"none\",\"data\":[100,450,300,1000,400,800],\"areaStyle\":{\"color\":\"rgba(109, 79, 250, 0.25)\"}},{\"name\":\"data2\",\"type\":\"line\",\"symbol\":\"none\",\"data\":[1100,800,1600,600,1000,700],\"areaStyle\":{\"color\":\"rgba(54, 227, 255, 0.15)\"}}],\"backgroundColor\":\"rgba(255,255,255,0)\"}', 'false', 320, 1520, 185, 12);
INSERT INTO `view_chart_item` VALUES (1676, 74, '{\"dataSourceType\":\"\",\"database\":\"\",\"fileName\":\"\",\"sql\":\"\",\"x\":\"\",\"name\":\"\"}', 'titleText', 'false', '[]', 25, 'chart12', 8000, '{\"title\":\"数据标题\",\"fontColor\":\"rgba(255,255,255,1)\",\"fontSize\":20,\"fontWeight\":\"normal\",\"textAlign\":\"left\",\"backgroundColor\":\"rgba(255,255,255,0)\"}', 'false', 105, 1520, 120, 12);
INSERT INTO `view_chart_item` VALUES (1677, 74, '{\"dataSourceType\":\"DataBase\",\"database\":9,\"sql\":\"select * from template_4_data7_histogram\",\"x\":\"x\",\"y\":\"y\",\"legend\":\"legend\",\"chartType\":\"histogramStacking\"}', 'histogramStacking', 'false', '{}', 228, 'chart13', 8000, '{\"title\":{\"text\":\"堆叠柱状图\",\"left\":\"center\",\"textStyle\":{\"color\":\"#fff\"},\"show\":false},\"grid\":{\"left\":\"0\",\"right\":\"5%\",\"bottom\":\"0\",\"containLabel\":true,\"top\":\"5%\"},\"legend\":{\"left\":\"1%\",\"top\":\"5%\",\"textStyle\":{\"color\":\"#fff\"},\"show\":false},\"tooltip\":{},\"dataset\":{\"source\":[[\"product\",\"data1\",\"data2\"],[\"一月\",\"80\",\"65\"],[\"二月\",\"50\",\"40\"],[\"三月\",\"160\",\"130\"],[\"四月\",\"120\",\"100\"],[\"五月\",\"40\",\"30\"]]},\"xAxis\":{\"name\":\"\",\"type\":\"category\",\"boundaryGap\":true,\"axisTick\":{\"show\":false},\"axisLabel\":{\"show\":true,\"textStyle\":{\"color\":\"#fff\"},\"rotate\":0},\"splitLine\":{\"show\":false,\"lineStyle\":{\"color\":\"#ffffff\"}},\"axisLine\":{\"show\":true,\"lineStyle\":{\"color\":\"#FFFFFF\"}}},\"yAxis\":{\"name\":\"\",\"type\":\"value\",\"axisTick\":{\"show\":false},\"axisLabel\":{\"show\":true,\"textStyle\":{\"color\":\"#fff\"}},\"splitLine\":{\"show\":false,\"lineStyle\":{\"color\":\"#ffffff\"}},\"splitArea\":{\"show\":false,\"areaStyle\":{\"color\":[\"rgba(250,250,250,0.3)\",\"rgba(200,200,200,0.3)\"]}},\"axisLine\":{\"show\":false,\"lineStyle\":{\"color\":\"#FFFFFF\"}}},\"toolbox\":{\"feature\":{\"saveAsImage\":{}}},\"color\":[\"#6E3CFF\",\"#36E3FF\"],\"series\":[{\"type\":\"bar\"},{\"type\":\"bar\"}],\"backgroundColor\":\"rgba(255,255,255,0)\"}', 'false', 323, 1515, 520, 12);
INSERT INTO `view_chart_item` VALUES (1678, 74, '{\"dataSourceType\":\"\",\"database\":\"\",\"fileName\":\"\",\"sql\":\"\",\"x\":\"\",\"name\":\"\"}', 'titleText', 'false', '[]', 25, 'chart14', 8000, '{\"title\":\"数据标题\",\"fontColor\":\"rgba(255,255,255,1)\",\"fontSize\":20,\"fontWeight\":\"normal\",\"textAlign\":\"left\",\"backgroundColor\":\"rgba(255,255,255,0)\"}', 'false', 105, 1515, 465, 12);
INSERT INTO `view_chart_item` VALUES (1679, 74, '{\"dataSourceType\":\"DataBase\",\"database\":9,\"sql\":\"select * from template_4_data8_line\",\"x\":\"x\",\"y\":\"y\",\"legend\":\"legend\",\"chartType\":\"lineStacking\"}', 'lineStacking', 'false', '[]', 165, 'chart15', 8000, '{\"title\":{\"text\":\"堆叠折线图\",\"left\":\"center\",\"textStyle\":{\"color\":\"#fff\"},\"show\":false},\"grid\":{\"top\":\"5%\",\"left\":\"0\",\"right\":\"5%\",\"bottom\":\"0\",\"containLabel\":true},\"legend\":{\"left\":\"1%\",\"top\":\"5%\",\"textStyle\":{\"color\":\"#fff\"},\"show\":false},\"tooltip\":{},\"dataset\":{\"source\":[[\"product\",\"data\"],[\"一月\",\"600\"],[\"二月\",\"80\"],[\"三月\",\"680\"],[\"四月\",\"1200\"],[\"五月\",\"600\"],[\"六月\",\"400\"]]},\"xAxis\":{\"name\":\"\",\"type\":\"category\",\"boundaryGap\":true,\"axisTick\":{\"show\":false},\"axisLabel\":{\"show\":true,\"textStyle\":{\"color\":\"#fff\"},\"rotate\":0},\"splitLine\":{\"show\":false,\"lineStyle\":{\"color\":\"#ffffff\"}},\"axisLine\":{\"show\":true,\"lineStyle\":{\"color\":\"#FFFFFF\"}}},\"yAxis\":{\"name\":\"\",\"type\":\"value\",\"axisTick\":{\"show\":false},\"axisLabel\":{\"show\":true,\"textStyle\":{\"color\":\"#fff\"}},\"splitLine\":{\"show\":false,\"lineStyle\":{\"color\":\"#ffffff\"}},\"splitArea\":{\"show\":false,\"areaStyle\":{\"color\":[\"rgba(250,250,250,0.3)\",\"rgba(200,200,200,0.3)\"]}},\"axisLine\":{\"show\":false,\"lineStyle\":{\"color\":\"#FFFFFF\"}}},\"toolbox\":{\"feature\":{\"saveAsImage\":{}}},\"color\":[\"#5F5FFF\"],\"series\":[{\"type\":\"line\",\"smooth\":true,\"symbol\":\"none\"}],\"backgroundColor\":\"rgba(255,255,255,0)\"}', 'false', 320, 1515, 840, 12);
INSERT INTO `view_chart_item` VALUES (1680, 74, '{\"dataSourceType\":\"\",\"database\":\"\",\"fileName\":\"\",\"sql\":\"\",\"x\":\"\",\"name\":\"\"}', 'titleText', 'false', '[]', 25, 'chart16', 8000, '{\"title\":\"数据标题\",\"fontColor\":\"rgba(255,255,255,1)\",\"fontSize\":20,\"fontWeight\":\"normal\",\"textAlign\":\"left\",\"backgroundColor\":\"rgba(255,255,255,0)\"}', 'false', 105, 1515, 800, 12);
INSERT INTO `view_chart_item` VALUES (1681, 74, '{\"dataSourceType\":\"\",\"database\":\"\",\"fileName\":\"\",\"sql\":\"\",\"x\":\"\",\"name\":\"\"}', 'titleText', 'false', '[]', 50, 'chart17', 8000, '{\"title\":\"产品2019年度销售\",\"fontColor\":\"rgba(255,255,255,1)\",\"fontSize\":34,\"fontWeight\":\"normal\",\"textAlign\":\"left\",\"backgroundColor\":\"rgba(255,255,255,0)\"}', 'false', 300, 810, 25, 12);
INSERT INTO `view_chart_item` VALUES (1821, 75, '{\"dataSourceType\":\"\",\"database\":\"\",\"fileName\":\"\",\"sql\":\"\",\"x\":\"\",\"name\":\"\"}', 'titleText', 'false', '[]', 50, 'chart0', 8000, '{\"title\":\"云计算服务监控\",\"fontColor\":\"rgba(255,255,255,1)\",\"fontSize\":40,\"fontWeight\":\"normal\",\"textAlign\":\"center\",\"backgroundColor\":\"rgba(255,255,255,0)\"}', 'false', 400, 755, 40, 16);
INSERT INTO `view_chart_item` VALUES (1822, 75, '{\"dataSourceType\":\"\",\"database\":\"\",\"fileName\":\"\",\"sql\":\"\",\"x\":\"\",\"name\":\"\"}', 'titleText', 'false', '[]', 25, 'chart1', 8000, '{\"title\":\"任务总量\",\"fontColor\":\"rgba(255,255,255,1)\",\"fontSize\":20,\"fontWeight\":\"normal\",\"textAlign\":\"left\",\"backgroundColor\":\"rgba(255,255,255,0)\"}', 'false', 95, 100, 125, 16);
INSERT INTO `view_chart_item` VALUES (1823, 75, '{\"dataSourceType\":\"DataBase\",\"database\":9,\"sql\":\"select x,y,legend from template_3_tta_line\",\"x\":\"x\",\"y\":\"y\",\"legend\":\"legend\",\"chartType\":\"lineStackingArea\"}', 'lineStackingArea', 'false', '[]', 225, 'chart2', 8000, '{\"title\":{\"text\":\"堆叠面积图\",\"left\":\"center\",\"textStyle\":{\"color\":\"#fff\"},\"show\":false},\"grid\":{\"top\":\"5%\",\"left\":\"0\",\"right\":\"5%\",\"bottom\":\"0\",\"containLabel\":true},\"tooltip\":{\"trigger\":\"axis\"},\"legend\":{\"show\":false,\"data\":[\"s1\",\"s2\"],\"orient\":\"vertical\",\"left\":0,\"top\":0,\"textStyle\":{\"color\":\"#fff\"}},\"xAxis\":{\"name\":\"\",\"type\":\"category\",\"boundaryGap\":false,\"data\":[\"01/01\",\"02/01\",\"03/01\",\"04/01\",\"05/01\",\"06/01\"],\"axisTick\":{\"show\":false},\"axisLabel\":{\"show\":true,\"textStyle\":{\"color\":\"#fff\"},\"rotate\":0},\"splitLine\":{\"show\":false,\"lineStyle\":{\"color\":\"#ffffff\"}},\"axisLine\":{\"show\":false,\"lineStyle\":{\"color\":\"#FFFFFF\"}}},\"yAxis\":{\"name\":\"\",\"type\":\"value\",\"axisTick\":{\"show\":false},\"axisLabel\":{\"show\":true,\"textStyle\":{\"color\":\"#fff\"}},\"splitLine\":{\"show\":false,\"lineStyle\":{\"color\":\"#ffffff\"}},\"splitArea\":{\"show\":false,\"areaStyle\":{\"color\":[\"rgba(250,250,250,0.3)\",\"rgba(200,200,200,0.3)\"]}},\"axisLine\":{\"show\":false,\"lineStyle\":{\"color\":\"#FFFFFF\"}}},\"color\":[\"#00C8DC\",\"#006EFF\"],\"series\":[{\"name\":\"s1\",\"type\":\"line\",\"data\":[1160,600,1800,400,1300,600],\"areaStyle\":{\"color\":\"rgba(0, 200, 220, 0.1)\"},\"smooth\":true,\"symbol\":\"none\"},{\"name\":\"s2\",\"type\":\"line\",\"data\":[600,800,120,1200,200,500],\"areaStyle\":{\"color\":\"rgba(0, 110, 255, 0.1)\"},\"smooth\":true,\"symbol\":\"none\"}],\"backgroundColor\":\"rgba(255,255,255,0)\"}', 'false', 415, 80, 190, 16);
INSERT INTO `view_chart_item` VALUES (1824, 75, '{\"dataSourceType\":\"\",\"database\":\"\",\"fileName\":\"\",\"sql\":\"\",\"x\":\"\",\"name\":\"\"}', 'titleText', 'false', '[]', 25, 'chart3', 8000, '{\"title\":\"任务分布\",\"fontColor\":\"rgba(255,255,255,1)\",\"fontSize\":20,\"fontWeight\":\"normal\",\"textAlign\":\"left\",\"backgroundColor\":\"rgba(255,255,255,0)\"}', 'false', 95, 100, 455, 16);
INSERT INTO `view_chart_item` VALUES (1825, 75, '{\"dataSourceType\":\"DataBase\",\"database\":9,\"sql\":\"select * from template_3_td_radar\",\"value\":\"value\",\"name\":\"name\",\"max\":\"max\",\"legend\":\"legend\",\"chartType\":\"radarBasic\"}', 'radarBasic', 'false', '[]', 200, 'chart4', 8000, '{\"title\":{\"text\":\"基础雷达图\",\"left\":\"center\",\"textStyle\":{\"color\":\"#fff\"},\"show\":false},\"tooltip\":{},\"legend\":{\"show\":false,\"orient\":\"vertical\",\"data\":[\"s1\",\"s2\"],\"top\":0,\"left\":0,\"textStyle\":{\"color\":\"#fff\"}},\"radar\":{\"indicator\":[{\"max\":\"200\",\"name\":\"A\"},{\"max\":\"200\",\"name\":\"B\"},{\"max\":\"200\",\"name\":\"C\"},{\"max\":\"200\",\"name\":\"D\"},{\"max\":\"200\",\"name\":\"E\"},{\"max\":\"200\",\"name\":\"F\"}],\"splitNumber\":3,\"splitArea\":{\"show\":false},\"radius\":\"70\"},\"color\":[\"#FF5A32\",\"#006EFF\"],\"series\":[{\"name\":\"\",\"type\":\"radar\",\"symbol\":\"none\",\"data\":[{\"name\":\"s1\",\"value\":[\"80\",\"50\",\"100\",\"60\",\"40\",\"50\"]},{\"name\":\"s2\",\"value\":[\"150\",\"180\",\"170\",\"120\",\"140\",\"110\"]}]}],\"toolbox\":{\"feature\":{\"saveAsImage\":{}}}}', 'false', 180, 75, 510, 16);
INSERT INTO `view_chart_item` VALUES (1826, 75, '{\"dataSourceType\":\"\",\"database\":\"\",\"fileName\":\"\",\"sql\":\"\",\"x\":\"\",\"name\":\"\"}', 'titleText', 'false', '[]', 25, 'chart5', 8000, '{\"title\":\"任务成功\",\"fontColor\":\"rgba(255,255,255,1)\",\"fontSize\":20,\"fontWeight\":\"normal\",\"textAlign\":\"left\",\"backgroundColor\":\"rgba(255,255,255,0)\"}', 'false', 95, 325, 455, 16);
INSERT INTO `view_chart_item` VALUES (1827, 75, '{\"dataSourceType\":\"DataBase\",\"database\":9,\"sql\":\"select * from template_3_ts_pie\",\"value\":\"value\",\"chartType\":\"piePercent\"}', 'piePercent', 'false', '[]', 210, 'chart6', 8000, '{\"title\":{\"text\":\"62%\",\"x\":\"center\",\"y\":\"center\",\"textStyle\":{\"color\":\"#98a0c4\",\"fontSize\":20}},\"series\":[{\"name\":\"main\",\"type\":\"pie\",\"radius\":[\"70%\",\"85%\"],\"center\":[\"50%\",\"50%\"],\"label\":{\"normal\":{\"show\":false}},\"data\":[{\"value\":62,\"itemStyle\":{\"normal\":{\"color\":\"rgba(119,96,246,1)\"}}},{\"value\":38,\"itemStyle\":{\"normal\":{\"color\":\"rgba(44,52,92,1)\"}}}]}],\"backgroundColor\":\"rgba(255,255,255,0)\"}', 'false', 180, 310, 510, 16);
INSERT INTO `view_chart_item` VALUES (1828, 75, '{\"dataSourceType\":\"\",\"database\":\"\",\"fileName\":\"\",\"sql\":\"\",\"x\":\"\",\"name\":\"\"}', 'titleText', 'false', '[]', 25, 'chart7', 8000, '{\"title\":\"任务完成率 \",\"fontColor\":\"rgba(255,255,255,1)\",\"fontSize\":20,\"fontWeight\":\"normal\",\"textAlign\":\"left\",\"backgroundColor\":\"rgba(255,255,255,0)\"}', 'false', 120, 100, 755, 16);
INSERT INTO `view_chart_item` VALUES (1829, 75, '{\"dataSourceType\":\"DataBase\",\"database\":9,\"sql\":\"select x,y,legend from template_3_tcr_line\",\"x\":\"x\",\"y\":\"y\",\"legend\":\"legend\",\"chartType\":\"lineStackingArea\"}', 'lineStackingArea', 'false', '[]', 200, 'chart8', 8000, '{\"title\":{\"text\":\"堆叠面积图\",\"left\":\"center\",\"textStyle\":{\"color\":\"#fff\"},\"show\":false},\"grid\":{\"top\":\"5%\",\"left\":\"0\",\"right\":\"5%\",\"bottom\":\"0\",\"containLabel\":true},\"tooltip\":{\"trigger\":\"axis\"},\"legend\":{\"show\":false,\"data\":[\"s1\",\"s2\"],\"orient\":\"vertical\",\"left\":0,\"top\":0,\"textStyle\":{\"color\":\"#fff\"}},\"xAxis\":{\"name\":\"\",\"type\":\"category\",\"boundaryGap\":false,\"data\":[\"A\",\"B\",\"C\",\"D\",\"E\",\"F\",\"G\"],\"axisTick\":{\"show\":false},\"axisLabel\":{\"show\":true,\"textStyle\":{\"color\":\"#fff\"},\"rotate\":0},\"splitLine\":{\"show\":false,\"lineStyle\":{\"color\":\"#ffffff\"}},\"axisLine\":{\"show\":false,\"lineStyle\":{\"color\":\"#FFFFFF\"}}},\"yAxis\":{\"name\":\"\",\"type\":\"value\",\"axisTick\":{\"show\":false},\"axisLabel\":{\"show\":true,\"textStyle\":{\"color\":\"#fff\"}},\"splitLine\":{\"show\":false,\"lineStyle\":{\"color\":\"#ffffff\"}},\"splitArea\":{\"show\":false,\"areaStyle\":{\"color\":[\"rgba(250,250,250,0.3)\",\"rgba(200,200,200,0.3)\"]}},\"axisLine\":{\"show\":false,\"lineStyle\":{\"color\":\"#FFFFFF\"}}},\"series\":[{\"name\":\"s1\",\"type\":\"line\",\"symbol\":\"none\",\"data\":[1200,1100,1700,900,1200,800,700],\"itemStyle\":{\"normal\":{\"lineStyle\":{\"color\":\"rgba(0,0,0,0)\"}}},\"areaStyle\":{\"color\":\"rgba(0, 110, 255, 0.7)\"},\"smooth\":true},{\"name\":\"s2\",\"type\":\"line\",\"symbol\":\"none\",\"data\":[150,300,700,400,500,300,300],\"itemStyle\":{\"normal\":{\"lineStyle\":{\"color\":\"rgba(0,0,0,0)\"}}},\"areaStyle\":{\"color\":\"rgba(0, 200, 220, 0.7)\"},\"smooth\":true}],\"backgroundColor\":\"rgba(255,255,255,0)\"}', 'false', 400, 80, 815, 16);
INSERT INTO `view_chart_item` VALUES (1830, 75, '{\"dataSourceType\":\"\",\"database\":\"\",\"fileName\":\"\",\"sql\":\"\",\"x\":\"\",\"name\":\"\"}', 'titleText', 'false', '[]', 25, 'chart9', 8000, '{\"title\":\"云计算趋势\",\"fontColor\":\"rgba(255,255,255,1)\",\"fontSize\":20,\"fontWeight\":\"normal\",\"textAlign\":\"left\",\"backgroundColor\":\"rgba(255,255,255,0)\"}', 'false', 120, 590, 125, 16);
INSERT INTO `view_chart_item` VALUES (1831, 75, '{\"dataSourceType\":\"DataBase\",\"database\":9,\"sql\":\"select * from template_3_cctt_bar UNION select * from template_3_cctt_line\",\"x\":\"x\",\"y\":\"y\",\"legend\":\"legend\",\"chartType\":\"histogramComplex\"}', 'histogramComplex', 'false', '{}', 250, 'chart10', 8000, '{\"title\":{\"show\":false,\"text\":\"复合柱状图\",\"left\":\"center\",\"textStyle\":{\"color\":\"#fff\"}},\"grid\":{\"top\":\"5%\",\"left\":\"0\",\"right\":\"0\",\"bottom\":\"5%\",\"containLabel\":true},\"legend\":{\"show\":false,\"data\":[\"bar\",\"line\"],\"textStyle\":{\"color\":\"#fff\"},\"top\":\"0\",\"left\":\"0\"},\"dataZoom\":{\"show\":false,\"start\":0,\"end\":100},\"xAxis\":[{\"type\":\"category\",\"boundaryGap\":true,\"data\":[\"01/01\",\"02/01\",\"03/01\",\"04/01\",\"05/01\",\"06/01\",\"07/01\",\"08/01\",\"09/01\",\"10/01\",\"11/01\",\"12/01\"],\"name\":\"\",\"axisLabel\":{\"show\":true,\"textStyle\":{\"color\":\"#fff\"},\"rotate\":0},\"axisTick\":{\"show\":false},\"axisLine\":{\"show\":true,\"lineStyle\":{\"color\":\"#ffffff\"}},\"splitLine\":{\"show\":false,\"lineStyle\":{\"color\":\"#ffffff\",\"type\":\"dashed\"}},\"axisPointer\":{\"type\":\"shadow\"}},{\"type\":\"category\",\"boundaryGap\":true,\"data\":[\"01/01\",\"02/01\",\"03/01\",\"04/01\",\"05/01\",\"06/01\",\"07/01\",\"08/01\",\"09/01\",\"10/01\",\"11/01\",\"12/01\"],\"name\":\"\",\"axisLabel\":{\"show\":false,\"textStyle\":{\"color\":\"#fff\"}},\"axisTick\":{\"show\":false},\"axisLine\":{\"show\":false,\"lineStyle\":{\"color\":\"#ffffff\"}},\"splitLine\":{\"show\":false,\"lineStyle\":{\"color\":\"#ffffff\"}},\"axisPointer\":{\"type\":\"shadow\"}}],\"yAxis\":[{\"type\":\"value\",\"scale\":false,\"name\":\"\",\"min\":0,\"boundaryGap\":[0.2,0.2],\"axisLabel\":{\"show\":false,\"textStyle\":{\"color\":\"#fff\"}},\"axisTick\":{\"show\":false},\"axisLine\":{\"show\":false,\"lineStyle\":{\"color\":\"#ffffff\"}},\"splitLine\":{\"show\":false,\"lineStyle\":{\"color\":\"#ffffff\"},\"type\":\"dashed\"}},{\"type\":\"value\",\"scale\":false,\"name\":\"\",\"min\":0,\"boundaryGap\":[0.2,0.2],\"axisLabel\":{\"show\":false,\"textStyle\":{\"color\":\"#fff\"}},\"axisTick\":{\"show\":false},\"axisLine\":{\"show\":false,\"lineStyle\":{\"color\":\"#ffffff\"}},\"splitLine\":{\"show\":false,\"lineStyle\":{\"color\":\"#ffffff\"}}}],\"toolbox\":{\"feature\":{\"saveAsImage\":{}}},\"color\":[\"#006EFF\",\"#6E3CFF\"],\"series\":[{\"name\":\"\",\"type\":\"bar\",\"barWidth\":\"35%\",\"xAxisIndex\":1,\"yAxisIndex\":1,\"data\":[40,20,70,100,40,20,30,45,120,60,50,15]},{\"name\":\"\",\"type\":\"line\",\"symbol\":\"none\",\"data\":[60,100,90,140,80,50,100,90,150,80,90,50]}],\"backgroundColor\":\"rgba(0,0,0,0)\"}', 'false', 790, 570, 170, 16);
INSERT INTO `view_chart_item` VALUES (1832, 75, '{\"dataSourceType\":\"\",\"database\":\"\",\"fileName\":\"\",\"sql\":\"\",\"x\":\"\",\"name\":\"\"}', 'titleText', 'false', '[]', 25, 'chart11', 8000, '{\"title\":\"任务管理\",\"fontColor\":\"rgba(255,255,255,1)\",\"fontSize\":20,\"fontWeight\":\"normal\",\"textAlign\":\"left\",\"backgroundColor\":\"rgba(255,255,255,0)\"}', 'false', 95, 590, 455, 16);
INSERT INTO `view_chart_item` VALUES (1833, 75, '{\"dataSourceType\":\"DataBase\",\"database\":9,\"sql\":\"select * from template_3_tm_list\",\"chartType\":\"rotationList\"}', 'rotationList', 'false', '[]', 530, 'chart12', 8000, '{\"column\":{\"show\":true,\"height\":40,\"fontColor\":\"#ffffff\",\"fontSize\":15},\"columnList\":[\"时间\",\"任务1\",\"任务2\"],\"columnWidthList\":[\"150px\",\"120px\",\"120px\"],\"data\":{\"height\":40,\"fontColor\":\"#e2e2e2\",\"fontSize\":15},\"speed\":3,\"rowNum\":12}', 'false', 405, 550, 500, 16);
INSERT INTO `view_chart_item` VALUES (1834, 75, '{\"dataSourceType\":\"\",\"database\":\"\",\"fileName\":\"\",\"sql\":\"\",\"x\":\"\",\"name\":\"\"}', 'titleText', 'false', '[]', 25, 'chart13', 8000, '{\"title\":\"平均容量\",\"fontColor\":\"rgba(255,255,255,1)\",\"fontSize\":20,\"fontWeight\":\"normal\",\"textAlign\":\"left\",\"backgroundColor\":\"rgba(255,255,255,0)\"}', 'false', 95, 1015, 455, 16);
INSERT INTO `view_chart_item` VALUES (1835, 75, '{\"dataSourceType\":\"DataBase\",\"database\":9,\"sql\":\"select * from template_3_ac_histogram\",\"x\":\"x\",\"y\":\"y\",\"legend\":\"legend\",\"chartType\":\"histogramStacking\"}', 'histogramStacking', 'false', '{}', 225, 'chart14', 8000, '{\"title\":{\"text\":\"堆叠柱状图\",\"left\":\"center\",\"textStyle\":{\"color\":\"#fff\"},\"show\":false},\"grid\":{\"left\":\"0\",\"right\":\"5%\",\"bottom\":\"0\",\"containLabel\":true,\"top\":\"5%\"},\"legend\":{\"left\":\"1%\",\"top\":\"5%\",\"textStyle\":{\"color\":\"#fff\"},\"show\":false},\"tooltip\":{},\"dataset\":{\"source\":[[\"product\",\"data1\",\"data2\"],[\"02/02\",\"80\",\"50\"],[\"02/03\",\"50\",\"150\"],[\"02/04\",\"160\",\"120\"],[\"02/05\",\"120\",\"190\"],[\"02/06\",\"40\",\"140\"]]},\"xAxis\":{\"name\":\"\",\"type\":\"category\",\"boundaryGap\":true,\"axisTick\":{\"show\":false},\"axisLabel\":{\"show\":true,\"textStyle\":{\"color\":\"#fff\"},\"rotate\":0},\"splitLine\":{\"show\":false,\"lineStyle\":{\"color\":\"#ffffff\"}},\"axisLine\":{\"show\":true,\"lineStyle\":{\"color\":\"#FFFFFF\"}}},\"yAxis\":{\"name\":\"\",\"type\":\"value\",\"axisTick\":{\"show\":false},\"axisLabel\":{\"show\":true,\"textStyle\":{\"color\":\"#fff\"}},\"splitLine\":{\"show\":false,\"lineStyle\":{\"color\":\"#ffffff\"}},\"splitArea\":{\"show\":false,\"areaStyle\":{\"color\":[\"rgba(250,250,250,0.3)\",\"rgba(200,200,200,0.3)\"]}},\"axisLine\":{\"show\":false,\"lineStyle\":{\"color\":\"#FFFFFF\"}}},\"toolbox\":{\"feature\":{\"saveAsImage\":{}}},\"color\":[\"#006EFF\",\"#00C8DC\"],\"series\":[{\"type\":\"bar\",\"barWidth\":\"30%\"},{\"type\":\"bar\",\"barWidth\":\"30%\"}],\"backgroundColor\":\"rgba(255,255,255,0)\"}', 'false', 365, 1000, 500, 16);
INSERT INTO `view_chart_item` VALUES (1836, 75, '{\"dataSourceType\":\"\",\"database\":\"\",\"fileName\":\"\",\"sql\":\"\",\"x\":\"\",\"name\":\"\"}', 'titleText', 'false', '[]', 25, 'chart15', 8000, '{\"title\":\"存储容量\",\"fontColor\":\"rgba(255,255,255,1)\",\"fontSize\":20,\"fontWeight\":\"normal\",\"textAlign\":\"left\",\"backgroundColor\":\"rgba(255,255,255,0)\"}', 'false', 95, 1015, 755, 16);
INSERT INTO `view_chart_item` VALUES (1837, 75, '{\"dataSourceType\":\"DataBase\",\"database\":9,\"sql\":\"select * from template_3_sc_histogram\",\"y\":\"y\",\"x\":\"x\",\"chartType\":\"histogramGradientHorizontal\"}', 'histogramGradientHorizontal', 'false', '{}', 250, 'chart16', 8000, '{\"title\":{\"text\":\"水平柱状图\",\"left\":\"center\",\"textStyle\":{\"color\":\"#fff\"},\"show\":false},\"tooltip\":{\"trigger\":\"axis\",\"axisPointer\":{\"type\":\"shadow\"}},\"grid\":{\"left\":\"0\",\"right\":\"5%\",\"bottom\":\"0\",\"containLabel\":true,\"top\":\"5%\"},\"legend\":{\"show\":true,\"orient\":\"vertical\",\"data\":[],\"top\":\"0\",\"left\":\"0\",\"textStyle\":{\"color\":\"#ffffff\"}},\"xAxis\":{\"data\":[],\"name\":\"\",\"type\":\"value\",\"axisLabel\":{\"show\":false,\"textStyle\":{\"color\":\"#fff\"}},\"axisTick\":{\"show\":false},\"axisLine\":{\"show\":false,\"lineStyle\":{\"color\":\"#ffffff\"}},\"splitLine\":{\"show\":false,\"lineStyle\":{\"color\":\"#ffffff\"}}},\"yAxis\":{\"name\":\"\",\"type\":\"category\",\"axisTick\":{\"show\":false},\"axisLabel\":{\"show\":true,\"textStyle\":{\"color\":\"#fff\"}},\"axisLine\":{\"show\":false,\"lineStyle\":{\"color\":\"#ffffff\"}},\"splitLine\":{\"show\":false,\"lineStyle\":{\"color\":\"#ffffff\"}},\"data\":[\"A\",\"B\",\"C\",\"D\",\"E\"]},\"toolbox\":{\"feature\":{\"saveAsImage\":{}}},\"color\":[\"#006EFF\"],\"series\":{\"name\":\"\",\"type\":\"bar\",\"barWidth\":\"40%\",\"data\":[80,50,160,120,40]},\"backgroundColor\":\"rgba(255,255,255,0)\"}', 'false', 400, 1000, 790, 16);
INSERT INTO `view_chart_item` VALUES (1838, 75, '{\"dataSourceType\":\"\",\"database\":\"\",\"fileName\":\"\",\"sql\":\"\",\"x\":\"\",\"name\":\"\"}', 'titleText', 'false', '[]', 25, 'chart17', 8000, '{\"title\":\"云计算总资源\",\"fontColor\":\"rgba(255,255,255,1)\",\"fontSize\":20,\"fontWeight\":\"normal\",\"textAlign\":\"left\",\"backgroundColor\":\"rgba(255,255,255,0)\"}', 'false', 150, 1450, 125, 16);
INSERT INTO `view_chart_item` VALUES (1839, 75, '{\"dataSourceType\":\"DataBase\",\"database\":9,\"sql\":\"select * from template_3_tccr_line\",\"x\":\"x\",\"y\":\"y\",\"legend\":\"legend\",\"chartType\":\"lineStacking\"}', 'lineStacking', 'false', '[]', 245, 'chart18', 8000, '{\"title\":{\"text\":\"堆叠折线图\",\"left\":\"center\",\"textStyle\":{\"color\":\"#fff\"},\"show\":false},\"grid\":{\"top\":\"5%\",\"left\":\"0\",\"right\":\"5%\",\"bottom\":\"0\",\"containLabel\":true},\"legend\":{\"left\":\"1%\",\"top\":\"5%\",\"textStyle\":{\"color\":\"#fff\"},\"show\":false},\"tooltip\":{},\"dataset\":{\"source\":[[\"product\",\"s1\",\"s2\"],[\"01/01\",\"1160\",\"600\"],[\"02/01\",\"600\",\"800\"],[\"03/01\",\"1800\",\"120\"],[\"04/01\",\"400\",\"1200\"],[\"05/01\",\"1300\",\"200\"],[\"06/01\",\"600\",\"500\"]]},\"xAxis\":{\"name\":\"\",\"type\":\"category\",\"boundaryGap\":true,\"axisTick\":{\"show\":false},\"axisLabel\":{\"show\":true,\"textStyle\":{\"color\":\"#fff\"},\"rotate\":0},\"splitLine\":{\"show\":false,\"lineStyle\":{\"color\":\"#ffffff\"}},\"axisLine\":{\"show\":true,\"lineStyle\":{\"color\":\"#FFFFFF\"}}},\"yAxis\":{\"name\":\"\",\"type\":\"value\",\"axisTick\":{\"show\":false},\"axisLabel\":{\"show\":true,\"textStyle\":{\"color\":\"#fff\"}},\"splitLine\":{\"show\":false,\"lineStyle\":{\"color\":\"#ffffff\"}},\"splitArea\":{\"show\":false,\"areaStyle\":{\"color\":[\"rgba(250,250,250,0.3)\",\"rgba(200,200,200,0.3)\"]}},\"axisLine\":{\"show\":true,\"lineStyle\":{\"color\":\"#FFFFFF\"}}},\"toolbox\":{\"feature\":{\"saveAsImage\":{}}},\"color\":[\"#00C8DC\",\"#006EFF\"],\"series\":[{\"type\":\"line\"},{\"type\":\"line\"}],\"backgroundColor\":\"rgba(255,255,255,0)\"}', 'false', 405, 1430, 175, 16);
INSERT INTO `view_chart_item` VALUES (1840, 75, '{\"dataSourceType\":\"\",\"database\":\"\",\"fileName\":\"\",\"sql\":\"\",\"x\":\"\",\"name\":\"\"}', 'titleText', 'false', '[]', 25, 'chart19', 8000, '{\"title\":\"CPU利用率\",\"fontColor\":\"rgba(255,255,255,1)\",\"fontSize\":20,\"fontWeight\":\"normal\",\"textAlign\":\"left\",\"backgroundColor\":\"rgba(255,255,255,0)\"}', 'false', 120, 1450, 455, 16);
INSERT INTO `view_chart_item` VALUES (1841, 75, '{\"dataSourceType\":\"DataBase\",\"database\":9,\"sql\":\"select * from template_3_cpuur_pie\",\"value\":\"value\",\"chartType\":\"piePercent\"}', 'piePercent', 'false', '[]', 250, 'chart20', 8000, '{\"title\":{\"text\":\"62%\",\"x\":\"center\",\"y\":\"center\",\"textStyle\":{\"color\":\"#98a0c4\",\"fontSize\":20},\"show\":true},\"series\":[{\"name\":\"main\",\"type\":\"pie\",\"radius\":[\"60%\",\"75%\"],\"center\":[\"50%\",\"50%\"],\"label\":{\"normal\":{\"show\":false}},\"data\":[{\"value\":62,\"itemStyle\":{\"normal\":{\"color\":\"rgba(0,200,220,1)\"}}},{\"value\":38,\"itemStyle\":{\"normal\":{\"color\":\"rgba(44,52,92,1)\"}}}]}],\"backgroundColor\":\"rgba(255,255,255,0)\"}', 'false', 400, 1430, 500, 16);
INSERT INTO `view_chart_item` VALUES (1842, 75, '{\"dataSourceType\":\"\",\"database\":\"\",\"fileName\":\"\",\"sql\":\"\",\"x\":\"\",\"name\":\"\"}', 'titleText', 'false', '[]', 25, 'chart21', 8000, '{\"title\":\"内存利用率\",\"fontColor\":\"rgba(255,255,255,1)\",\"fontSize\":20,\"fontWeight\":\"normal\",\"textAlign\":\"left\",\"backgroundColor\":\"rgba(255,255,255,0)\"}', 'false', 120, 1450, 755, 16);
INSERT INTO `view_chart_item` VALUES (1843, 75, '{\"dataSourceType\":\"DataBase\",\"database\":9,\"sql\":\"select x,y,legend from template_3_mu_line\",\"x\":\"x\",\"y\":\"y\",\"legend\":\"legend\",\"chartType\":\"lineStackingArea\"}', 'lineStackingArea', 'false', '[]', 230, 'chart22', 8000, '{\"title\":{\"text\":\"堆叠面积图\",\"left\":\"center\",\"textStyle\":{\"color\":\"#fff\"},\"show\":false},\"grid\":{\"top\":\"5%\",\"left\":\"0\",\"right\":\"5%\",\"bottom\":\"0\",\"containLabel\":true},\"tooltip\":{\"trigger\":\"axis\"},\"legend\":{\"show\":false,\"data\":[\"data\"],\"orient\":\"vertical\",\"left\":0,\"top\":0,\"textStyle\":{\"color\":\"#fff\"}},\"xAxis\":{\"name\":\"\",\"type\":\"category\",\"boundaryGap\":false,\"data\":[\"A\",\"B\",\"C\",\"D\",\"E\",\"F\"],\"axisTick\":{\"show\":false},\"axisLabel\":{\"show\":true,\"textStyle\":{\"color\":\"#fff\"},\"rotate\":0},\"splitLine\":{\"show\":false,\"lineStyle\":{\"color\":\"#ffffff\"}},\"axisLine\":{\"show\":true,\"lineStyle\":{\"color\":\"#627288\"}}},\"yAxis\":{\"name\":\"\",\"type\":\"value\",\"axisTick\":{\"show\":false},\"axisLabel\":{\"show\":true,\"textStyle\":{\"color\":\"#fff\"}},\"splitLine\":{\"show\":false,\"lineStyle\":{\"color\":\"#ffffff\"}},\"splitArea\":{\"show\":false,\"areaStyle\":{\"color\":[\"rgba(250,250,250,0.3)\",\"rgba(200,200,200,0.3)\"]}},\"axisLine\":{\"show\":false,\"lineStyle\":{\"color\":\"#FFFFFF\"}}},\"color\":[\"#006EFF\"],\"series\":[{\"name\":\"data\",\"type\":\"line\",\"symbol\":\"none\",\"data\":[1100,600,1800,400,1300,600],\"areaStyle\":{\"color\":\"rgba(0, 110, 255, 0.14)\"}}],\"backgroundColor\":\"rgba(255,255,255,0)\"}', 'false', 410, 1435, 805, 16);
INSERT INTO `view_chart_item` VALUES (1848, 76, '{\"dataSourceType\":\"\",\"database\":\"\",\"fileName\":\"\",\"sql\":\"\",\"x\":\"\",\"name\":\"\"}', 'titleText', 'false', '[]', 50, 'chart0', 8000, '{\"title\":\"零售行业数据可视化\",\"fontColor\":\"rgba(255,255,255,1)\",\"fontSize\":43,\"fontWeight\":\"normal\",\"textAlign\":\"center\",\"backgroundColor\":\"rgba(255,255,255,0)\"}', 'false', 480, 720, 25, 4);
INSERT INTO `view_chart_item` VALUES (1849, 76, '{\"dataSourceType\":\"\",\"database\":\"\",\"fileName\":\"\",\"sql\":\"\",\"x\":\"\",\"name\":\"\"}', 'titleText', 'false', '[]', 25, 'chart1', 8000, '{\"title\":\"销售额数据\",\"fontColor\":\"rgba(255,255,255,1)\",\"fontSize\":17,\"fontWeight\":\"normal\",\"textAlign\":\"center\",\"backgroundColor\":\"rgba(255,255,255,0)\"}', 'false', 585, 30, 122, 4);
INSERT INTO `view_chart_item` VALUES (1850, 76, '{\"dataSourceType\":\"DataBase\",\"database\":9,\"sql\":\"select * from template_5_sd_histogram\",\"y\":\"y\",\"x\":\"x\",\"chartType\":\"histogramGradient\"}', 'histogramGradient', 'false', '{}', 240, 'chart2', 8000, '{\"title\":{\"text\":\"渐变柱状图\",\"left\":\"center\",\"textStyle\":{\"color\":\"#fff\"},\"show\":false},\"legend\":{\"show\":false},\"backgroundColor\":\"\",\"grid\":{\"left\":\"0\",\"right\":\"5%\",\"bottom\":\"0\",\"containLabel\":true,\"top\":\"5%\"},\"xAxis\":{\"data\":[\"苹果\",\"三星\",\"华为\",\"oppo\",\"vivo\",\"小米\"],\"name\":\"\",\"axisTick\":{\"show\":false},\"axisLine\":{\"show\":true,\"lineStyle\":{\"color\":\"#ffffff\"}},\"splitLine\":{\"show\":false,\"lineStyle\":{\"color\":\"#ffffff\"}},\"axisLabel\":{\"show\":true,\"inside\":false,\"textStyle\":{\"color\":\"#fff\"},\"rotate\":0,\"interval\":0},\"z\":10},\"yAxis\":{\"name\":\"\",\"axisTick\":{\"show\":false},\"axisLine\":{\"show\":true,\"lineStyle\":{\"color\":\"#ffffff\"}},\"splitLine\":{\"show\":false,\"lineStyle\":{\"color\":\"#ffffff\"}},\"axisLabel\":{\"show\":true,\"textStyle\":{\"color\":\"#fff\"}}},\"dataZoom\":[{\"type\":\"inside\"}],\"toolbox\":{\"feature\":{\"saveAsImage\":{}}},\"series\":[{\"type\":\"bar\",\"itemStyle\":{\"normal\":{\"color\":\"rgba(255,255,255,0)\"}},\"barWidth\":\"30%\",\"barGap\":\"-100%\",\"barCategoryGap\":\"0\",\"data\":[[7739],[7739],[7739],[7739],[7739],[7739]],\"animation\":false},{\"type\":\"bar\",\"barWidth\":\"40%\",\"itemStyle\":{\"normal\":{\"color\":{\"x\":0,\"y\":0,\"x2\":0,\"y2\":1,\"type\":\"linear\",\"global\":false,\"colorStops\":[{\"offset\":0,\"color\":\"#83bff6\"},{\"offset\":0.5,\"color\":\"#188df0\"},{\"offset\":1,\"color\":\"#188df0\"}]}},\"emphasis\":{\"color\":{\"x\":0,\"y\":0,\"x2\":0,\"y2\":1,\"type\":\"linear\",\"global\":false,\"colorStops\":[{\"offset\":0,\"color\":\"#2378f7\"},{\"offset\":0.7,\"color\":\"#2378f7\"},{\"offset\":1,\"color\":\"#83bff6\"}]}}},\"data\":[6532,7739,6160,7373,7755,6420]}]}', 'false', 330, 35, 180, 4);
INSERT INTO `view_chart_item` VALUES (1851, 76, '{\"dataSourceType\":\"DataBase\",\"database\":9,\"sql\":\"select name,value from template_5_sd_pie\",\"name\":\"name\",\"value\":\"value\",\"chartType\":\"pie2D\"}', 'pie2D', 'false', '[]', 260, 'chart3', 8000, '{\"lunbo\":\"0\",\"title\":{\"text\":\"2D饼图\",\"left\":\"center\",\"textStyle\":{\"color\":\"#fff\"},\"show\":false},\"tooltip\":{\"trigger\":\"item\",\"formatter\":\"\"},\"legend\":{\"show\":false,\"orient\":\"vertical\",\"top\":0,\"left\":0,\"data\":[\"直接访问\",\"邮件营销\",\"联盟广告\",\"视频广告\",\"搜索引擎\"],\"textStyle\":{\"color\":\"#fff\"}},\"color\":[\"#24CBFF\",\"#7760F6\",\"#484CDC\",\"#711D8E\",\"#2D3C98\"],\"series\":[{\"name\":\"访问来源\",\"type\":\"pie\",\"radius\":\"50%\",\"center\":[\"50%\",\"50%\"],\"data\":[{\"name\":\"直接访问\",\"value\":\"360\"},{\"name\":\"邮件营销\",\"value\":\"335\"},{\"name\":\"联盟广告\",\"value\":\"310\"},{\"name\":\"视频广告\",\"value\":\"275\"},{\"name\":\"搜索引擎\",\"value\":\"235\"}],\"roseType\":\"angle\",\"label\":{\"normal\":{\"show\":true,\"position\":\"outside\",\"textStyle\":{\"color\":\"#ffffff\"}}},\"labelLine\":{\"normal\":{\"show\":true,\"lineStyle\":{\"color\":\"#ffffff\"},\"smooth\":0.2,\"length\":10,\"length2\":20}},\"itemStyle\":{\"normal\":{\"color\":\"\",\"shadowBlur\":200,\"shadowColor\":\"rgba(0,0,0,0)\"}},\"animationType\":\"scale\",\"animationEasing\":\"elasticOut\",\"avoidLabelOverlap\":true}],\"toolbox\":{\"feature\":{\"saveAsImage\":{}}},\"backgroundColor\":\"rgba(255,255,255,0)\"}', 'false', 300, 330, 180, 4);

-- ----------------------------
-- Table structure for view_instance
-- ----------------------------
DROP TABLE IF EXISTS `view_instance`;
CREATE TABLE `view_instance`  (
  `instance_id` bigint(20) NOT NULL AUTO_INCREMENT COMMENT '实例ID',
  `business_id` bigint(20) NULL DEFAULT NULL COMMENT '企业ID',
  `instance_background_color` varchar(20) CHARACTER SET utf8 COLLATE utf8_general_ci NULL DEFAULT NULL COMMENT '背景颜色',
  `instance_background_img` varchar(50) CHARACTER SET utf8 COLLATE utf8_general_ci NULL DEFAULT NULL COMMENT '背景图',
  `instance_width` bigint(20) NULL DEFAULT NULL COMMENT '宽',
  `instance_height` bigint(20) NULL DEFAULT NULL COMMENT '高',
  `instance_title` varchar(50) CHARACTER SET utf8 COLLATE utf8_general_ci NULL DEFAULT NULL COMMENT '标题',
  `instance_view_thumbnail` varchar(50) CHARACTER SET utf8 COLLATE utf8_general_ci NULL DEFAULT NULL COMMENT '缩略图',
  `instance_version` bigint(20) NULL DEFAULT NULL COMMENT '版本号',
  `create_id` bigint(20) NULL DEFAULT NULL COMMENT '创建者ID',
  `create_time` datetime(0) NULL DEFAULT NULL COMMENT '创建时间',
  `update_id` bigint(20) NULL DEFAULT NULL COMMENT '更新者ID',
  `update_time` datetime(0) NULL DEFAULT NULL COMMENT '更新时间',
  `del_flag` tinyint(4) NULL DEFAULT NULL COMMENT '删除标识（-1：不存在；1：存在）',
  PRIMARY KEY (`instance_id`) USING BTREE
) ENGINE = InnoDB AUTO_INCREMENT = 77 CHARACTER SET = utf8 COLLATE = utf8_general_ci ROW_FORMAT = Dynamic;

-- ----------------------------
-- Records of view_instance
-- ----------------------------
INSERT INTO `view_instance` VALUES (69, 1, '#263546', '/group1/default/20210513/17/59/6/云资源监控-背景.png', 1920, 1080, '大数据计算服务运维视屏', '/group1/default/20210513/17/56/6/大数据计算服务运维视屏.png', 2, 1, '2021-05-19 10:12:18', 1, '2021-05-19 10:12:18', 1);
INSERT INTO `view_instance` VALUES (72, 1, '#263546', '/group1/default/20210513/18/00/6/企业实时销售数据-背景.png', 1920, 1080, '企业实时销售数据', '/group1/default/20210513/17/58/6/企业实时销售数据.png', 13, 1, '2021-05-19 10:12:18', 1, '2021-05-19 10:12:18', 1);
INSERT INTO `view_instance` VALUES (74, 1, '#263546', '/group1/default/20210513/18/01/6/通用模板1-背景.png', 1920, 1080, '通用模板1', '/group1/default/20210513/17/58/6/通用模板1.png', 12, 1, '2021-05-19 10:12:18', 1, '2021-05-19 10:12:18', 1);
INSERT INTO `view_instance` VALUES (75, 1, '#263546', '/group1/default/20210513/18/03/6/云服务监控-背景.png', 1920, 1080, '腾讯云服务监控', '/group1/default/20210513/17/58/6/腾讯云服务监控.png', 16, 1, '2021-05-19 10:12:18', 1, '2021-05-19 10:12:18', 1);
INSERT INTO `view_instance` VALUES (76, 1, '#263546', '/group1/default/20210513/18/01/6/零售行业数据可视化-背景.png', 1920, 1080, '零售行业数据可视化', '/group1/default/20210513/17/58/6/零售行业数据可视化.png', 4, 1, '2021-05-19 10:12:18', 1, '2021-05-19 10:12:18', 1);

SET FOREIGN_KEY_CHECKS = 1;
